TRANSPOREON ID|Carrier|OriginalVAT|VAT|VatStatus|Country|StoredAddress
242534|Unifeeder A/S|DK0000000000||placeholder|DK|Hveensgade 1, 8000, Aarhus
200003|LKW Walter International AG|ATU19208701|ATU19208701|valid|AT|IZ NÖ SÜD STR. 14, 2355, Wiener Neudorf
239840|Orkun Uluslararasi Nakliyat Ihracat ve Ticaret Limited Sirketi|||missing|TR|Ulus Mahallesi Kültür Caddesi No: 125, HURRIYET MAHALLESI CATALCA YOLU CAD 464, 34537, ISTANBUL
221276|dls Land u. See Speditionsges. mbH|DE 811 252 507|DE811252507|valid|DE|Jacobsrade 1, 22962, Siek
222443|Tricolore Transport & Logistics|DK0000000000||placeholder|DK|Thorsvej 8, 6330, Padborg
229603|T.E.L.S. Transeuropean Logistic Services Ltd. (TELS)|4303303|GB4303303|valid|GB|Suite 4, 11 Rosemont Road, Hampstead, NW3 6NG, London
339973|TRANSALLIANCE Group|FR0000000000||placeholder|FR|5 bis rue Saint Léon, 54000, NANCY
230387|ATL CZ s.r.o.|||missing|CZ|Kladska 916, 500 03, Hradec Kralove
227867|GEFCO Polska Sp. z o.o.|||missing|PL|pl.Bankowy 2, 00-095, Warszawa
227301|AGROMEX Wojciech i Jacek Fraszka sp. j.|PL8310003586|PL8310003586|valid|PL|Marzenin, Plac Rozany 3, 98160, Sedziejowice
228425|2XL Nv|BE449424358|BE449424358|valid|BE|Baron de Maerelaan 155, 8380, Zeebrugge
227389|MIRATRANS TRANSPORT SP. Z O.O.|PL7322182068|PL7322182068|valid|PL|Sierpów 33, 95-035, Ozorków
227348|Link Sp. z o.o.|PL5210086737|PL5210086737|valid|PL|Nadrzeczna 17, 5462, Wiazowna
229892|ROHLIG SUUS Logistics S.A.|1230993241|PL1230993241|valid|PL|ul. Równoległa 4A, 02-235, Warszawa
239839|XPO LOGISTICS (NORBERT DENTRESSANGLE) UNITED KINGDOM|UK0000000000||placeholder|GB|Greenfold Way, Leigh Commerce Park, WN7 3XJ, Leigh
230536|Pekaes Sp z. o.o.|PL5270104717|PL5270104717|valid|PL|ul. Spedycyjna 1, 05-870, Błonie
224437|IMPERIAL Logistics & Services GmbH|DE 811 168499|DE811168499|valid|DE|Schifferstr. 26, 47059, Duisburg
233644|pfenning logistics|||missing|DE|Daimlerstraße 4, 68542, Heddesheim
228031|ARCESE TRASPORTI S.P.A.|122680226|IT122680226|valid|IT|VIA ALDO MORO, 95, 38062, ARCO (TN)
228684|ECS European Containers NV|BE0435131508|BE0435131508|valid|BE|Karveelstraat 3, 8380, Zeebrugge
227703|DHL Freight France|||missing|FR|19, boulevard du Courcerin ZI Lognes Pariest, 77312, Marne la Vallée Cedex 2
223624|Waberer's International Zrt.|HU17781578|HU17781578|valid|HU|Nagykörösi út 351., 1239, Budapest
228119|SKAT TRANSPORT SP. Z O.O. SP. K.|PL 5851356886|PL5851356886|valid|PL|SŁOWACKIEGO 199, 80-298, GDAŃSK
226977|P.H.U.S EXPORT-IMPORT "TRANSPIL-SPEDITION"|PL7670003116|PL7670003116|valid|PL|Brzozowa 2, 77430, Krajenka,Skórka
241761|MAGTRANS Sp. z o. o.|PL6551430917|PL6551430917|valid|PL|Bohaterow Warszawy 116, 28-100, Busko-Zdroj
322784|CH Robinson FR-Caen|FR43322939265|FR43322939265|valid|FR|6 RUE DU COLONEL REMY, 14000, CAEN
302679|REGESTA S.A.|6621004747|PL6621004747|valid|PL|NOWOWIEJSKA 52A, 28-400, Pińczów
230296|Gopet Trans EOOD|BG831689341|BG831689341|valid|BG|Kazichene, Bivsh Stopanski dvor, Skladova Baza GOPET LOGISTICS, 1532, SOFIA
NULL|GEFCO|||missing|FR|9 bld kennedy, 25000, BESANCON
237885|Devnak Nakliyat|2940036980|TR2940036980|non_eu|TR|Merkez Mahallesi Bahçeler Cad. No:3, 34540, İstanbul
241951|Raben Trans European Germany GmbH|DE 200207156|DE200207156|valid|DE|Regioparkring 8, 41199, Mönchengladbach
230574|FIRMA TRANSPORTOWO SPEDYCYJNO HANDLOWA MIELCZAREK ANDRZEJ|PL8290001407|PL8290001407|valid|PL|WILCZA 25, 98-220, ZDUŃSKA WOLA
228717|P.W. Podkowa Sp. z o.o.|||missing|PL|al. Krakowska 51, 5551, Mroków
316916|HILAL TRANS ULUSLARARASI TASIMACILIK ITH. IHR.TURIZM VE TİC. LTD.STİ|4630004323|TR4630004323|non_eu|TR|İnonu Mah. Kayisdagi Cad. No: 282, Atasehir, 34755, istanbul
302772|Geodis United Kingdom Ltd|||missing|GB|Coronation Road, HP12 3TA, High Wycombe
230364|DELAMODE ROMANIA|RO6322498|RO6322498|valid|RO|B-dul Timisoara, Nr. 111 - 115, Sector 6, 61327, Bukarest
237312|CAT LC Portugal|PT 506 906 612|PT506906612|valid|PT|Quinta da Marqueza 1, Herdade Quinta da Torre, Vila Amélia, Armazém 1, Fracção 2, 2950-678, Quinta do Anjo
227683|CONEXTRANS  I.F.F.  S.A.  (A.G.)|EL095349047|EL095349047|valid|GR|12, Str. Lachanagoras, 54628, THESSALONIKI
239887|MacAndrews GmbH|||missing|GB|75 King William Street, EC4N 7BE, LONDON
233639|Transport H. Essers & Zonen Nv|BE 0401.296.720|BE0401296720|valid|BE|Transportlaan 4, 3600, genk
238494|GT-Trans Polska Sp. z o.o.|PL0000000000||placeholder|PL|Przejazdowa, 18, 5800, Pruszkow
224932|Gartner Intertrans Hungária Kft.|HU10457812|HU10457812|valid|HU|Speditor u. 1., 8900, Zalaegerszeg
229121|DARTOM SP. Z O.O.|PL8380000966|PL8380000966|valid|PL|BAŁTYCKA 50, 05-825, GRODZISK MAZOWIECKI
221926|HEMMERLIN SA|FR 11399514611|FR11399514611|valid|FR|12, rue des Cévennes, 68390, Sausheim
230955|FM Polska Sp. z o. o.|PL8381000827|PL8381000827|valid|PL|Ługowa 30, 96-320, Mszczonów
231137|Girteka Logistics Ltd|LT100005407518|LT100005407518|valid|LT|Kuprinoniskes vlg, 13279, Vilnius region
258468|EST Contracts BV - Istanbul branch|||missing|NL|Teleportboulevard 120, 1043 EJ, Amsterdam
230869|Frode laursen|DK0000000000||placeholder|DK|vittenvej 90, 8382, hinnerup
229592|Transforwarding International Sp. z o.o.|||missing|PL|Na Skraju 73A, 05-090, Raszyn
230876|CONTAINERSHIPS PLC|FI08183585|FI08183585|valid|FI|Mannerheimintie 15a, 260, Helsinki
230935|DHL Express Portugal Lda.|PT0000000000||placeholder|PT|Urbanização do Passil, Lote 93 A, Passil, 2890, Alcochete
231183|EST Contracts BV - Lyon branch|||missing|FR|Teleportboulevard 120, 1043EJ, Amsterdam
229564|EST Contracts BV - Budapest branch|NL811514274|NL811514274|valid|HU|Teleportboulevard 120, 1043 EJ, Amsterdam
233875|EST Poland sp. z o.o. - branch 1|NL811514274B01|NL811514274B01|valid|PL|Łucka 9, 00-842, Warszawa
244609|A. T. TROTA, S.A.|ESA25038142|ESA25038142|valid|ES|CIM LLEIDA VIAL E, PARCELA 17, 25190, LLEIDA
341645|Luís Simões Logística Integrada, S.A.|PT-500289050|PT500289050|valid|PT|Moninhos, Apartado 41, 2671-951, Loures
258676|transportes J. CARRION|A-04014635|ESA04014635|valid|ES|C/PABLO PICASSO, 1, 4230, HUERCAL DE ALMERIA
336195|GEFCO Deutschland GmbH|DE811122082|DE811122082|valid|DE|Kurhessenstraße 13, 64546, Mörfelden-Walldorf
241914|ERONTRANS SP. Z O. O.|PL5890011743|PL5890011743|valid|PL|Grunwaldzka 64b, PL 83-000, Pruszcz Gdanski
260712|GEFCO ITALIA SPA|||missing|IT|VIA PALIZZI 89, 20157, MILANO
257414|Transportes Pascoal|PT0000000000||placeholder|PT|Santa Luzia, 3050-106, Coimbra Norte
235114|MÜLLER TRANSPORTE GmbH|ATU 194 32 905|ATU19432905|valid|AT|Palmersstrasse 10, 2351, WIENER NEUDORF
270235|H. Essers Transport Company Nederland BV|||missing|NL|J.F. Kennedylaan 42, 5555 XD, Valkenswaard
336720|ITF Polska Sp. z o.o.|PL1181733941|PL1181733941|valid|PL|Warszawska 109/6, 05-092, Lomianki
263360|ABC Czepczynski Spolka z o.o. Sp.k.|PL5951442504|PL5951442504|valid|PL|Wigury 20, 64400, Międzychód
233811|VAN CARGO S.A.|PL5242125771|PL5242125771|valid|PL|PRZECLAWSKA 8, 03-879, WARSAW
234810|Schenker Sp z o.o.|||missing|PL|Ordona 2a, 1237, Warszawa
244040|Hellmann Worldwide Logistics Polska Sp.z o.o sp. k.|PL1230005823|PL1230005823|valid|PL|Sokołowska 10, 05-090, Raszyn
339773|Vesta Ukraine|||missing|UA|Moscow p-t. 6, of 505, 4073, Kiev
342148|DHL EXPRESS SP. Z O.O.|PL0000000000||placeholder|PL|OSMAŃSKA 2, 2823, WARSZAWA
234204|TARGOR-TRUCK SP. Z O.O.|7582045405|PL7582045405|valid|PL|ŁAWY 97, 07-411, RZEKUŃ
308816|Ekol Logistics|TR0000000000||placeholder|TR|Ekol Caddesi 2, Sultanbeyli, 34935, İstanbul
322241|Tradecor s.r.l.|IT 00 160 120 266|IT00160120266|valid|IT|Via Lucia Frischin 1, 39100, Bolzano (BZ)
242116|DHL Freight Belgium nv|BE0401264551|BE0401264551|valid|BE|Eppegemsesteenweg 31 - 33, 1850, Grimbergen
326071|MANVESTA|LT582970113|LT582970113|valid|LT|P. Paulaicio str. 13B, 74111, Jurbarkas
260224|CAMPILLO PALMERA SL|ESB73783003|ESB73783003|valid|ES|CTRA MADRID KM 373, P I LA SERRETA, 30500, MOLINA DE SEGURA - MURCIA
256443|ATC CARGO SA|||missing|PL|Polska 13A, 81-339, Gdynia
243850|Bei-Trans|||missing|UA|Junakiva,9, Генерала Юнакива, 9, 79039, Lviv
265117|DHL Global Forwarding (Italy) S.p.A. – Div. Freight|||missing|IT|Via delle Industrie 1, 20060, Pozzuolo Martesana
233418|Patinter España S.L|PT500212848|PT500212848|valid|ES|Poligono Ind. Okiturri, 1207, San Roman de San Roman
228639|CODOGNOTTO ITALIA SPA|IT00474360310|IT00474360310|valid|IT|Via Calnuova 18/20., 31040, Salgareda
231501|FIDEL SRL|IT04434190288|IT04434190288|valid|IT|UGO FOSCOLO,08, 35131, PADOVA
241753|TORELLO TRASPORTI SRL|1897330641|IT1897330641|valid|IT|G.MARCONI, 251, 83025, MONTORO INFERIORE
225404|Raben Transport|PL7810020506|PL7810020506|valid|PL|71 Poznanska, 62023, Gadki
229245|AMBROGIO TRASPORTI SPA|||missing|IT|tognasca 5, 21013, Gallarate
236111|Transportes Broliveira, Lda|PT500425353|PT500425353|valid|PT|Estrada de Ourém nº15, Areias, 2490-124, Gondemaria (Ourém)
234562|WITRANS Izak, Wenerski Sp. jawna|||missing|PL|Plocka 2, 05-825, Grodzisk Mazowiecki
229275|VILLART LOGISTIC S.L.|ESB25479726|ESB25479726|valid|ES|C/ BARCELONA, 25600, BALAGUER
293035|Ibero Linhas - Transportes, Lda. (as agents for WEC LINES)|500361703|PT500361703|valid|PT|Urbanização da Matinha, Rua 2, Edificio Verde, 2º Esquerdo, 1950-073, Lisboa
237766|Lafante Kamil Stańczak|PL5252341571|PL5252341571|valid|PL|Aleja Solidarności 66/89, 00-240, Warszawa
250619|Van Steenbergen Transport Arendonk|BE0404199394|BE0404199394|valid|BE|Hoge Mauw 210, 2370, Arendonk
261972|Gefco Tasimacilik ve Lojistik A.S.|||missing|TR|Kayisdagi Cad. Karaman Ciftlik Yolu Kar, 34752, Icerenköy - Istanbul
200019|Schenker Deutschland AG|||missing|DE|Feineisenstraße 4, 44339, Dortmund
253686|Troyka International Transport & Trade Inc.|8590062681|TR8590062681|non_eu|TR|YENIBOSNA MER. MAH.BASIN EKSPRES YOLU CEMAL ULUSOY CD.SHT, 34730, ISTANBUL
221780|Unterer GesmbH|AT0000000000||placeholder|AT|Luna 32, 6250, Kundl
246963|NOLAN TRANSPORT|IE4571931W|IE4571931W|valid|IE|OAKLANDS, NEW ROSS, 51, CO WEXFORD
233377|Magnus Logistics, UAB|LT10001806917|LT10001806917|valid|LT|Naugarduko str. 55A, 3204, Vilnius
234594|Trans-Logistic Dębica|PL8722095735|PL8722095735|valid|PL|Fabryczna 12, 39-200, Debica
283841|VISLINE Sp.zo.o|PL5862232082|PL5862232082|valid|PL|Siewna 7, 81-574, Gdynia
235220|STALKO Przybysz i Wspólnicy Spółka Jawna|PL0000000000||placeholder|PL|PONIATOWSKIEGO, 05-220, ZIELONKA
235149|BTG Feldberg & Sohn GmbH & Co. KG|DE 170014163|DE170014163|valid|DE|Wüppings Weide 1, 46395, Bocholt
247138|Codognotto Austria GmbH|||missing|AT|Lederergasse 35/12, 1080, Wien
244718|TRANS ITALIA SRL|IT02032300655|IT02032300655|valid|IT|PIAZZA MARTINEZ ,05, 84085, MERCATO S.SEVERINO
251312|Gefco United Kingdom|GB 272369149|GB272369149|valid|GB|376-378 Chiswick High Road, Chiswick,, W4 5TF, London
305901|Transport Gapiński Sp. z o.o. Sp. k.|PL7661997146|PL7661997146|valid|PL|Skocka 20, 62-100, Wągrowiec
235502|XPO LOGISTICS (NORBERT DENTRESSANGLE) HIGH CUBE|FR0000000000||placeholder|FR|Z.I.  Rue des Moines, 2203, SOISSONS
291017|Borusan Lojistik|||missing|TR|YALÇIN KOREŞ CAD. NO:22, 34303, İSTANBUL
238008|J&S Speed Kft|HU 12939848|HU12939848|valid|HU|Agostyáni út 91., 2890, Tata
234090|Euroafrica Shipping Lines Cyprus Limited|CY10109723K|CY10109723K|valid|CY|Arch.Makariou III,229, MELIZA COURT , 4th floor, 3105, Limassol , Cyprus
302996|Geodis Logistics Netherlands B.V.|||missing|NL|Transportcentrum 24, 7547RX, Enschede
285150|TRANSMEJA JSC|LT451301917|LT451301917|valid|LT|Metalistu str. 3, 78109, Siauliai
252367|AGROLOGISTIKA|LT100001123912|LT100001123912|valid|LT|Tilžės g. 60T, 91108, Klaipėda
240173|VLANTANA UAB|||missing|LT|Dvaro 1, Gobergiškės k., 96173, Klaipedos raj.
243440|Hecny Express LLC|7715679440|RU7715679440|non_eu|RU|Prishvina, 8, build. 2, 127549, Moscow
306335|Zammler Ukraine Ltd|||missing|UA|Hryhoriia Andriushchenka str.,  4-H (G), 1135, Kyiv
270154|DHL Global Forwarding Sp. z o.o.|7280257292|PL7280257292|valid|PL|ul. Krakowiaków 44, 02-255, Warszawa
300793|SIA GEFCO BALTIC|LV50003993021|LV50003993021|valid|LV|P. BRIEZA 15, 1010, Riga
260916|Alba-Zöchling|HU0000000000||placeholder|HU|Holland Fasor 9, 8000, Székesfehérvár
319704|CMA CGM UK|GB802298146|GB802298146|valid|GB|Princes Parade, L3 1BG, liverpool
243478|Fracht FWO Polska Sp. z o.o.|PL7542735115|PL7542735115|valid|PL|ul. Inflancka 4C, 00-189, Warszawa
306324|GEFCO PORTUGAL TRANSITÁRIOS LDA|||missing|PT|Rua Dr.ºAntónio Loureiro Borges, Edifício Arquiparque I, 1º Piso, 1499 -016, Miraflores
231033|GEFCO Magyarorszag Kft.|||missing|HU|Bocskai út 134-146, 1113, Budapest
303710|WEC Lines|||missing|NL|Albert Plesmanweg 59, 3088 GB, Rotterdam
230849|Waberer's Polska Sp. z o.o.|PL7772306116|PL7772306116|valid|PL|Kijowska 1, 03-738, Warszawa
294768|LOGİTRANS LOJISTİK VE TAŞIMACILIK ORG.LTD.ŞTİ|||missing|TR|ORHANLI MAH. DERVIS CADDESI NO:24 FLOOR:1 OFFICE:4A-B, TUZLA-İSTANBUL, 34000, İSTANBUL
242853|A.M.P. Wieczorek Sp. z o.o.|||missing|PL|Mazowiecka, 79, 05-311, Dębe Wielkie
241368|SPEDPARTNER|||missing|PL|Leszcze 15, 28-400, PINCZOW
304435|Bollore Logistics UK Ltd.|GB 432 3813 73|GB432381373|valid|GB|Unit 1 Skyline, Great South West Road, TW14 8NT, London Heathrow
280887|Stellar-Logistic|36591814|UA36591814|non_eu|UA|48 Degtyarivs`ka Str., 4112, Kyiv
308952|ID LOGISTICS POLSKA S.A.|5252425204|PL5252425204|valid|PL|Al. Roździeńskiego 91, 40-203, Katowice
229071|GONDRAND|||missing|FR|13 RUE CURIE, BP 71339, 68013, COLMAR CEDEX
247108|Croome LTD|||missing|GB|Cullet Drive, ME11 5JS, Queenborough, Kent
268421|Yusen Logistics UK Ltd|||missing|GB|Grange Park 3, Cheaney Road, NN4 5FB, Northampton
268784|Codognotto Polska Sp. Z.o.o.|PL7251959614|PL7251959614|valid|PL|Kościuszki 80/82, 90-437, Lodz
270644|smet srl|IT00316190651|IT00316190651|valid|IT|via tiberio claudio felice 48, 84131, salerno
258486|DHL FREIGHT SPAIN SL|||missing|ES|C/ Rumania, 4, Poligono Industrial de Coslada (PAL), 28221, Madrid
251083|Okura Uluslararası Tasımacılık Iletisim Tic. ve San. A.Ş|6400108811|TR6400108811|non_eu|TR|Talatpaşa Cad., Menekşe sokak no:15/1, 34590, Istanbul
246337|Friday Spółka z ograniczoną odpowiedzialnością  Spółka komandytowa|PL0000000000||placeholder|PL|ul. Ryżowa 33A, 02-495, Warszawa
306978|PCC Intermodal|PL7491968481|PL7491968481|valid|PL|ul. Hutnicza 16, 81-061, Gdynia
286095|Borchard Lines Ltd|||missing|GB|10 Chiswell Street, EC1Y4XY, London
337986|Transcurbel-2 S.A.|A58869470|ESA58869470|valid|ES|Ronda Guinardó, nº 52, 8025, Barcelona
251488|ARBA SP. Z O.O.|PL7611452717|PL7611452717|valid|PL|SIERAKOWO 55, 06-300, PRZASNYSZ
260906|Marcotran Polska Sp. z o.o.|9691579265|PL9691579265|valid|PL|ul. Poznańska 9, 44-120, Pyskowice
243238|F.lli Dissegna Srl|IT01838650248|IT01838650248|valid|IT|Via Ca' Vico 29, 36028, Rossano Veneto VI
266476|GEFCO Ukraine|UA358940826599|UA358940826599|non_eu|UA|110, Zhylyanska, 1032, Kyiv
240088|Luis Simoes Logistica Integrada,s.a.|||missing|ES|Parque Empresarial San Fernando, Av. de Castilla, 28830, San Fernando de Henares, Madrid
337193|DHL Global Forwarding  Hellas S.A.|||missing|GR|41, Agiou Dimitriou str., 18546, Pireaus
273352|Scantek LTD Sp. z o. o.|PL1080005217|PL1080005217|valid|PL|Braniborska 38/40, 53-680, Wrocław
261289|Charter Sp. z .o.o.|812-17-66-337|PL8121766337|valid|PL|Urszulin 8, 05-825, Grodzisk Mazowiecki
258750|MGT Transport Krajowy i Międzynarodowy Grycz Mariusz|7621904664|PL7621904664|valid|PL|Monte Cassino 3, 07-200, Wyszków
258627|Europejskie Centrum Logistyczne Sp. z o.o.|||missing|PL|Ul. Przemysłowa 13B, 35-105, Rzeszów
258650|NORBERT DENTRESSANGLE LOGISTICS POLAND|||missing|PL|SZYSZKOWA 35/37, 02-285, WARSZAWA
258985|NTG Road Sp.zo.o.|5272674838|PL5272674838|valid|PL|Chełmżyńska 180, NTG Marki, Katowice, Gdynia, Goleniow, 04-464, Warszawa
300245|LOCKWOOD HAULAGE LTD.|||missing|GB|RIPLEY ROAD, DE56 2JR, AMBERGATE
262830|LOTOS BALTICA|LT0000000000||placeholder|LT|Pramones str. 2, 17102, Sacininkai
339552|GEFCO (Suisse) SA|||missing|CH|6 Route des Jeunes, Case postale 1767, 1211, GENEVE
262730|The Overland Transport & Trading Co Ltd|UK0000000000||placeholder|GB|High Street, Billinghay, LN4 4BU, Lincoln
272106|AEROTRANS PIOTR CYRSON|||missing|PL|WRZOSOWA 12, 5101, NOWY DWÓR MAZOWIECKI
283525|C.H.ROBINSON PL-Warsaw 2|NL|NL|valid|PL|Aleja Jana Pawła II 29, 00-867, Warszawa
230638|Simple Way Sp z o.o sp.k|||missing|PL|Wigury 20, 64-400, Miedzychod
260208|TRANSINTERTOP LTD|HU11475165|HU11475165|valid|HU|TOPART 1, 2851, KÖRNYE
334308|XPO LOGISTICS_ Transport Solution FTL PACKED France|||missing|FR|1208, ROUTE DES PIERRELLES - BP 93 - BEAUSEMBLANT, 26240, BEAUSEMBLANT
272915|Hart Logistics sp. z o. o. sp. k.|7792413387|PL7792413387|valid|PL|Świerzawska 10, 60-321, Poznań
244904|GEFCO France|||missing|FR|Rue des Lilas d Espagne, 92402, Courbevoie Cedex
262232|Geis PL Sp. z o.o.|||missing|PL|Pieńki 7, 95-010, Stryków
368458|Locotranssped Sp. Z O.O.|7831682017|PL7831682017|valid|PL|Ul.Arcybiskupa A. Baraniaka 88c Bud.B, 61-131, Poznan
265297|Express Logistic Sp.z o.o.|PL1231277587|PL1231277587|valid|PL|Dunikowskiego 24, 5501, Piaseczno
273747|Aro-Trans Rafał Bartosz Kosztowny Spedycja i Produkcja Mebli|||missing|PL|Ogrody 29/32, 85-870, Bydgoszcz
269078|C&T, a.s.|2022259723|SK2022259723|valid|SK|Partizanska cesta 2733/97, 97401, Banska Bystrica
292757|KLog Logística SA|PT0000000000||placeholder|PT|Rua de Castelões Centro, 260 - Fajozes, 4485-065, Vila do Conde
236276|FIRMA TRANSPORTOWO-HANDLOWA EDWARD OSICA|PL8221005023|PL8221005023|valid|PL|ZACHODNIA 34, 05-300, MIŃSK MAZOWIECKI
234132|CMA CGM Polska Sp. z o.o.|GB802298146|GB802298146|valid|PL|Polska 13 A, 81-339, Gdynia
276509|Sokołów-Logistyka|PL0000000000||placeholder|PL|Aleja 550-lecia 2, 08-300, Sokołów Podlaski
275463|NOSTA Logistik Sp. z.o.o.|5981632563|PL5981632563|valid|PL|Hynka 32, 80-465, Gdańsk
500975|P&O Ferrymasters Ltd.|NL809172811B01|NL809172811B01|valid|NL|PO Box 1036, 3180 AA, Rozenburg
264024|Orange Logistics Sp. z o.o.|PL6342773808|PL6342773808|valid|PL|Roździeńskiego 205, 40-203, Katowice
287378|Rosteka UAB|LT100004761617|LT100004761617|valid|LT|Darbo str 9, 52102, Kaunas
335085|Ekol Spain|||missing|ES|Pol. Ind. Modula – Coslada II Avda de la Cañada, 62 Nave 1 Modulo, 28820, Madrid
293151|PORTMANN LOGISTICS POLSKA SP. Z.O.O|PL 7811775773|PL7811775773|valid|PL|DERENIOWA 2 LOK 7, 02-776, WARSZAWA
257579|Rail Cargo Logistics - Poland Sp. z o.o.|||missing|PL|Wąwozowa 11, 02-796, Warszawa
260701|VGL Road Sp. z o.o.|||missing|PL|Al. Zwycięstwa 237/7, 81-521, Gdynia
227584|GEFCO Deutschland GmbH|DE811122082|DE811122082|valid|DE|Industriestr. 80, 42327, Wuppertal
254299|GEFCO Deutschland GmbH|DE811122082|DE811122082|valid|DE|Märkische Allee 65, 14979, Großbeeren
281136|BRAXSTONE KRAWCZYK, RENE SP. JAWNA|PL1182095709|PL1182095709|valid|PL|KOLEJOWA 204A, KIEŁPIN, 05-092, ŁOMIANKI
272701|F.H.P. MAG-MAR ALICJA MATUSIK|PL8240000989|PL8240000989|valid|PL|ALEJA SOLIDARNOŚCI 3, 07-100, WĘGRÓW
332116|Antrans Bis Ireneusz Pacia Sp. k.|6372190299|PL6372190299|valid|PL|Wspólna 1c, 32-300, Olkusz
261803|DEVEGA SRL|RO26244980|RO26244980|valid|RO|4, BERZEI, 410151, ORADEA
227422|ND Polska Sp. z o.o.|PL725-00-13-591|PL7250013591|valid|PL|Wólczańska 53, 90-608, Łódź
321388|Frigo-trans|8252102129   8250004747|82521021298250004747|wrong_format|PL|Miedzyrzecka186, 21-400, Łuków
334679|Ekol Logistics Sp. z o.o.|972-125-38-94|PL9721253894|valid|PL|Inwestycyjna 8, 41-208, Sosnowiec
286782|Speedbergx Sp. z o.o. Spółka komandytowa|7732475775|PL7732475775|valid|PL|P.O.W. 17/216, 97-200, Tomaszów Mazowiecki
284914|ATL EUROPE s.r.o.|CZ25925865|CZ25925865|valid|CZ|Hořická 283/22, 500 02, Hradec Králové
287492|BOMAR SP. Z O.O.|PL5342491222|PL5342491222|valid|PL|UL.WINCENTEGO WITOSA 19, SIEDLIN, 09-100, PŁOŃSK
320606|DHL Global Forwarding|||missing|RO|Costache Negri, 50552, Bucuresti
374769|BARSAN Global Logistics|||missing|PL|Wita Stwosza 7/427, 40-040, Katowice
281425|Grupa Transportowa Sp. z o.o.|||missing|PL|Łódzka 30 ab, 97-300, Piotrków Trybunalski
325764|DHL GLOBAL FORWARDING TASIMACILIK A.S.|TR0000000000||placeholder|TR|KIBRIS SEHITLERI CAD., no 135/5, 35221, IZMIR
323836|Uniserve Ltd|||missing|GB|Thurrock Park Way, RM187HD, Tilbury
321472|BEI-TRANS POLSKA Sp. z.o.o|5252549320|PL5252549320|valid|PL|ul.Aleja Solidanosci 117 nr loc207, 00-140, Warszawa
298847|Range-Trans OU|EE202200221063094214|EE202200221063094214|valid|EE|Mustamae tee 5-703, Harju maakond, 10616, Tallinn
302185|Cargo Line/ГК Карго Лайн|||missing|BY|Витебский р-н, М-8, 89-й км, 1А, 211319, Vitebskaya oblast/Витебская область
262215|DHL FREIGHT SPAIN, S.L|||missing|ES|AVDA. DE ESPIOCA, 64, 46460, VALENCIA
260692|JASTIM Sp z o.o.|5262499368|PL5262499368|valid|PL|Al. Jerozlimskie 144, 02-305, Warszawa
296223|AKTRANS TASIMACILIK TİC.SAN.LTD.STİ|420165084|TR420165084|non_eu|TR|ATATÜRK CAD.SIDALI İŞHANI  KAT:3/9, 33070, mersin
288977|BFI SP. Z O.O. SP.K.|5862323399|PL5862323399|valid|PL|Aleja Zwycięstwa 173, 81-521, Gdynia
313765|Arsenal Logistic Sp. z o.o.|||missing|PL|Alley Jerozolimskie 85, 02-001, Warsaw
300152|FERTRANS SPAGNA SL|||missing|ES|Av. Ports D'Europa, 100, 8040, Barcelona
230460|ECS European Containers NV|BE0435131508|BE0435131508|valid|BE|Karveelstraat 3, 8380, Zeebrugge
251427|MacAndrews & Co Ltd|GB802298146|GB802298146|valid|GB|12 Princes Parade, Princes Dock, L3 1BG, Liverpool
318021|BARSAN GLOBAL LOGISTIC KFT|||missing|HU|ARADI VERTANUK UTJA 13 FST 5, 9021, GYOR
282622|TBX SP. Z O.O.|||missing|PL|Szyszkowa 35/37, 02-285, Warszawa
280700|NAPOLITRANS SRL|||missing|IT|Loc. Pezzagrande, 84025, EBOLI
290599|ZAMMLER Polska Sp. z o.o.|PL 5252582464|PL5252582464|valid|PL|3 Maja Nr. 8, Millenium Logistic Park, building C7, 05-800, PRUSZKOW
305312|DHL FREIGHT|||missing|FR|28 rue Eugène Hénaff, 69200, Vénissieux
236381|P.U.T.H. TRANS-POL SP.JAWNA S. KLASZTORNY, Z.DĄBROWSKI|||missing|PL|ul. Kozietulskiego 4a, 96-100, Skierniewice
286632|FM LOGISTIC IBERICA, S.L.|||missing|ES|C/ BERRIOBIDE, 34, 31013, ANSOAIN
327392|Linktis sp. z o.o.|PL9512373803|PL9512373803|valid|PL|Stępińska 22/30, 00-739, warszawa
308710|VIRADO TRANSPORT LTD|||missing|GB|Lankaster Approach, North Killingholme Industrial Estate, DN40 3JZ, Immingham
328811|MAERSK LINE|||missing|DK|Esplanaden 50, DK1263, Copenhagen
334648|BATUINTERNATİONAL LOJİSTİK İÇ VE DIŞ TİCARET ANONİM ŞİRKETİ|150 057 6603 – Atışalanı VD|1500576603–AtışalanıVD|wrong_format|TR|Oruçreis Mh. Tekstilkent Cd., No:12/A İç Kapı No: 022-023 Atışalanı/Esenler, 34235, İstanbul
312643|Overis Sp.z,o.o.|||missing|PL|Łapiguz 91, 21-400, Łuków
311846|YILMAZ ULUSLARARASI NAKLİYAT İTH. İHR. SAN. VE TİC. LTD. ŞTİ|||missing|TR|İstiklal Cad., 5204 sok, 33060, Mersin
313261|ALCOR LOGISTICS Sp. z o.o.|PL5291820117|PL5291820117|valid|PL|T. Bairda 36/60, 36/60, 05-825, Grodzisk Mazowiecki
343126|EVEROAD|||missing|FR|24 rue Petrelle, 75002, Paris
348059|SARP INTERMODAL|||missing|TR|DEREBOYU NO 56, TURKOBA MAH.KAYALAR CAD. NO.10/1, 34356, ISTANBUL
346723|EXPEDITORS INTERNATIONAL UK LTD|||missing|GB|UNIT 4, SHINE KNOWLEDGE PARK, HU8 7FB, HULL
305812|GEFCO Greece|||missing|GR|Lampsakou 2, 11528, Athens
351096|H.Essers & Zonen Internationaal Transport NV (Pharma)|BE 0401 296 720|BE0401296720|valid|BE|Transportlaan 4, 3600, Genk
352386|Hopi PL sp z o.o.|5272681413|PL5272681413|valid|PL|Przyokopowa 33, 01-208, Warszawa
354554|ATOM ULUSLARARASI NAKLİYAT VE LOJİSTİK HİZMETLERİ TİC.A.S.|||missing|TR|1476/1 SOKAK KATİPOGLU İS MERKEZİ NO:2 K:2 D:2 ALSANCAK, 35220, İZMİR
362880|F.H.U Łuczkowski|||missing|PL|Kościelna 5, 34-400, Nowy Targ
357479|Marvicon SRL|RO34957399|RO34957399|valid|RO|Strada Ogorului 258, Et. 2, 410554, Oradea
365199|Containerships - CMA CGM GmbH|||missing|DE|Chilehaus A, Fischertwiete 2, 20095, Hamburg
365019|RANGE-TRANS SPOLKA Z OGRANICZANA ODPOWIEDZIALNOSCIA|||missing|PL|Matki Teresy z Kalkuty 18, lok.8, 20-538, Lublin
366132|Uber Freight B.V.|||missing|NL|Mr.Treublaan 7, 1097 DP, Amsterdam
366806|TRANSPIL-SPEDITION LOGISTICS GROUP SP. Z O.O. SP. KOMANDYTOWA|||missing|PL|Brzozowa 2, 64-917, Skorka
374048|GT-Trans Faktoring Sp. z o.o.|PL5223051994|PL5223051994|valid|PL|85 Al. Jerozolimskie, Unit 21, 02-001, Warsaw
375326|Blackbuck Poland Sp. Z o.o.|PL7010943304|PL7010943304|valid|PL|Mokotowska 49, 00-542, Warszawa
377350|Range Trans Group OÜ|EE 102138294|EE102138294|valid|EE|Pärnu mnt 76-7,, Harju maakond,  Kesklinna linnaosa,, 10131, Tallinn
379056|Luk-Trans Łukasz Bloch|||missing|PL|26A, BLOCHY, 07-210, Długosiodło
387692|KRAFTTRANS Taurus Sp. z o.o.|5213880950|PL5213880950|valid|PL|ul. BARTYCKA, nr 22B, lok. 21A, 00-716, WARSZAWA
391494|DHL Parcel (Switzerland) AG|||missing|CH|Güterstrasse 107, 4133, Pratteln
302920|F&O Agnieszka Osica-Foltyn|||missing|PL|F&O Agnieszka Osica-Foltyn, 05-300, Mińsk Mazowiecki
400030|DBK LOGISTICS SP. Z O.O. SP.K.|||missing|PL|Zajęcza 15, 00-351, Warszawa
400421|Broekman Logistics Sp. z o.o.|||missing|PL|Piekary 6/8, 61-823, Poznań
400691|sennder Benelux B.V._TC|||missing|NL|Keizersgracht 62-64, 1015 CS, Amsterdam
399723|LOPEZ & RYDER LOGISTIC S.L.U.|ESB01729920|ESB01729920|valid|ES|Miquel Roca i Junyent nº7, local 212, 50011, Zaragoza
313610|SA TORELLO TRASPORTI SRL|||missing|FR|5 RUE DE MALACOMBE, BP 54, 38070, LYON
412708|FM Logistic - Crépy-en-Valois (FR60)|||missing|FR|rue du Bois de Tillet, BP60224, 60802, Crépy-en-Valois
413540|Quality Trans Sp.z o.o.|||missing|PL|Tadeusza Kościuszki 38/24, 40-048, Katowice
423233|GRAMIX Sp. z .o.o.|PL1182153482|PL1182153482|valid|PL|Komorów, 05-085, Kampinos
434944|TSL Wiolmar Marcin Osiński|PL5311529716|PL5311529716|valid|PL|Broninek 4, 05-190, Nasielsk
441173|UAB Girteka Europe West|||missing|LT|Laisvės pr. 36, 4340, Vilnius
442297|Ellerman City Liners|GB398523059|GB398523059|valid|GB|133 Hall Lane, RM141AL, Upminster
460334|SAFE SHIPPING SP. Z O.O.|||missing|PL|JANUSZA KORCZAKA 13, 81-473, GDYNIA
601754|AKBULUT NAK TUR LTD ŞTİ|||missing|TR|içerenköy mah prof dr necmettin erbakan cad no 83 K:2 D:7, 34752, İSTANBUL
459342|Damco Germany GmbH|||missing|DE|Katharinenstraße 5, 20457, Hamburg
226386|Unifeeder Germany|||missing|DE|Neuer Dovenhof, Brandstwiete 1, 20457, Hamburg
