TRANSPOREON ID|CreditorNumber|Carrier|OriginalVAT|VAT|VatSource|Country|VatStatus|Format|Checksum|Registered|ApiName|RegisteredName|ApiAddress|StoredAddress|AddressMatch|NameMatch|Notes
242534|242534|Unifeeder A/S|DK0000000000|DK11810543|discovered|DK|discovered|Valid|Pass|Yes|UNIFEEDER A/S|UNIFEEDER A/S|Tangen 6, 8200 Aarhus N|Hveensgade 1, 8000, Aarhus|Partial||
200003|200003|LKW Walter International AG|ATU19208701|ATU19208701|original|AT|valid|Valid|Pass|Yes|LKW WALTER Internationale Transportorganisation AG|LKW WALTER Internationale Transportorganisation AG|IZ Noe Sued Str 14, AT-2355 Wiener Neudorf|IZ NÖ SÜD STR. 14, 2355, Wiener Neudorf|Match||
239840|239840|Orkun Uluslararasi Nakliyat Ihracat ve Ticaret Limited Sirketi|||original|TR|missing|||||||Ulus Mahallesi Kültür Caddesi No: 125, HURRIYET MAHALLESI CATALCA YOLU CAD 464, 34537, ISTANBUL|N/A||Web: Company confirmed at Hürriyet Mah., Çatalca Yolu Cad. No:464, Büyükçekmece. Founded 1986. UND member. Vergi numarası not publicly available
221276|221276|dls Land u. See Speditionsges. mbH|DE 811 252 507|DE811252507|original|DE|valid|Valid|Pass|Yes|N/A|N/A|N/A|Jacobsrade 1, 22962, Siek|N/A||
222443|222443|Tricolore Transport & Logistics|DK0000000000|DK33374283|discovered|DK|discovered|Valid|Pass|No||||Thorsvej 8, 6330, Padborg|N/A||Web: CVR 33374283 confirmed. Company is a HOLDING company (NACE 64.21.20) — purpose is to own shares in Hansen & Søn A/S. May explain VIES 'No'
229603|229603|T.E.L.S. Transeuropean Logistic Services Ltd. (TELS)|4303303|GB989803158|discovered|GB|discovered|Valid|||Yes|Yes|TELS GLOBAL UK LIMITED|Prospect House Suite 22, 2 Athenaeum Road, Whetstone, London, N20 9AE|Suite 4, 11 Rosemont Road, Hampstead, NW3 6NG, London||Partial
339973|238328|TRANSALLIANCE Group|FR0000000000|FR66662013960|discovered|FR|discovered|Valid|Pass||TRANSALLIANCE SAS|TRANSALLIANCE SAS|40 Rue des Blancs Manteaux, 75004 Paris|5 bis rue Saint Léon, 54000, NANCY|Mismatch||Web discovery: TVA FR66662013960 confirmed. SIREN 662013960. HQ in Paris, Nancy is branch. ApiName/ApiAddress from web discovery
230387|ATL|ATL CZ s.r.o.||CZ26006910|discovered|CZ|discovered|Valid|Pass||ATL CZ, s.r.o.|ATL CZ, s.r.o.|Pražská třída 320/8, Kukleny, 500 04 Hradec Králové|Kladska 916, 500 03, Hradec Kralove|Partial||Web discovery: DIČ CZ26006910 confirmed. Founded 2004. ApiName/ApiAddress from web discovery
227867|227867|GEFCO Polska Sp. z o.o.||PL5252109503|discovered|PL|discovered|Valid|Pass|Yes|CEVA GROUND LOGISTICS POLAND SPÓŁKA Z OGRANICZONĄ ODPOWIEDZIALNOŚCIĄ|CEVA GROUND LOGISTICS POLAND SPÓŁKA Z OGRANICZONĄ ODPOWIEDZIALNOŚCIĄ|POLECZKI 33, 02-822 WARSZAWA|pl.Bankowy 2, 00-095, Warszawa|Partial||
227301|227301|AGROMEX Wojciech i Jacek Fraszka sp. j.|PL8310003586|PL8310003586|original|PL|valid|Valid|Pass|Yes|AGROMEX WOJCIECH I JACEK FRASZKA SPÓŁKA JAWNA|AGROMEX WOJCIECH I JACEK FRASZKA SPÓŁKA JAWNA|MARZENIN , PL. RÓŻANY 3, 98-160 SĘDZIEJOWICE|Marzenin, Plac Rozany 3, 98160, Sedziejowice|Match||
228425|228425|2XL Nv|BE449424358|BE449424358|original|BE|valid|Invalid|||Yes|Yes|2XL NV|Baron de Maerelaan 155, 8380 Zeebrugge-Brugge|Baron de Maerelaan 155, 8380, Zeebrugge||Match
227389|227389|MIRATRANS TRANSPORT SP. Z O.O.|PL7322182068|PL7322182068|original|PL|valid|Valid|Pass|Yes|MIRATRANS TRANSPORT SPÓŁKA Z OGRANICZONĄ ODPOWIEDZIALNOŚCIĄ|MIRATRANS TRANSPORT SPÓŁKA Z OGRANICZONĄ ODPOWIEDZIALNOŚCIĄ|SIERPÓW 33, 95-035 OZORKÓW|Sierpów 33, 95-035, Ozorków|Match||
227348|227348|Link Sp. z o.o.|PL5210086737|PL5210086737|original|PL|valid|Valid|Pass|Yes|'LINK' SPÓŁKA Z OGRANICZONĄ ODPOWIEDZIALNOŚCIĄ|'LINK' SPÓŁKA Z OGRANICZONĄ ODPOWIEDZIALNOŚCIĄ|NADRZECZNA 17, 05-462 WIĄZOWNA|Nadrzeczna 17, 5462, Wiazowna|Match||
229892|Rohlig|ROHLIG SUUS Logistics S.A.|1230993241|PL1230993241|original|PL|valid|Valid|Pass|Yes|'ROHLIG SUUS LOGISTICS SPÓŁKA AKCYJNA'|'ROHLIG SUUS LOGISTICS SPÓŁKA AKCYJNA'|RÓWNOLEGŁA 4A, 02-235 WARSZAWA|ul. Równoległa 4A, 02-235, Warszawa|Match||
239839|239797|XPO LOGISTICS (NORBERT DENTRESSANGLE) UNITED KINGDOM|UK0000000000|GB581379120|discovered|GB|discovered|Valid|Pass|Yes|XPO HOLDINGS UK AND IRELAND LIMITED|XPO HOLDINGS UK AND IRELAND LIMITED|DISTRIBUTION HOUSE ELDON WA, CRICK, NORTHAMPTON, NORTHAMPTONSHIRE, NN6 7SL, GB|Greenfold Way, Leigh Commerce Park, WN7 3XJ, Leigh|Mismatch||
230536|690061|Pekaes Sp z. o.o.|PL5270104717|PL5270104717|original|PL|valid|Valid|Pass|Yes|GEODIS ROAD NETWORK SPÓŁKA Z OGRANICZONĄ ODPOWIEDZIALNOŚCIĄ|GEODIS ROAD NETWORK SPÓŁKA Z OGRANICZONĄ ODPOWIEDZIALNOŚCIĄ|SPEDYCYJNA 1, 05-870 BŁONIE|ul. Spedycyjna 1, 05-870, Błonie|Match||
224437|224437|IMPERIAL Logistics & Services GmbH|DE 811 168499|DE811168499|original|DE|valid|Valid|Pass|Yes|N/A|N/A|N/A|Schifferstr. 26, 47059, Duisburg|N/A||
233644|233644|pfenning logistics||DE812039737|discovered|DE|discovered|Valid|Pass||pfenning logistics GmbH|pfenning logistics GmbH|Daimlerstraße 4, 68542 Heddesheim|Daimlerstraße 4, 68542, Heddesheim|Match||Web discovery: USt-IdNr DE812039737 confirmed. HRB 716424 Mannheim. ApiName/ApiAddress from web discovery
228031|ARCESE|ARCESE TRASPORTI S.P.A.|122680226|IT00122680226|corrected|IT|valid|Valid|Pass||ARCESE TRASPORTI S.P.A.|ARCESE TRASPORTI S.P.A.|Via A.Moro 95, 38062 Arco (TN)|VIA ALDO MORO, 95, 38062, ARCO (TN)|Match||Web discovery: correct P.IVA is 00122680226 (11 digits, was missing leading zeros). Company status: ceased operations (cessata). ApiName/ApiAddress from web discovery
228684|228684|ECS European Containers NV|BE0435131508|BE0435131508|original|BE|valid|Valid|Pass|Yes|NV ECS EUROPEAN CONTAINERS|NV ECS EUROPEAN CONTAINERS|Baron de Maerelaan 155, 8380 Brugge|Karveelstraat 3, 8380, Zeebrugge|Partial||
227703|227703|DHL Freight France||FR38488985771|discovered|FR|discovered|Valid|Pass||DHL FREIGHT FRANCE SAS|DHL FREIGHT FRANCE SAS|19 Boulevard Courcerin, 77185 Lognes|19, boulevard du Courcerin ZI Lognes Pariest, 77312, Marne la Vallée Cedex 2|Match||Web discovery: TVA FR38488985771 confirmed. SIREN 488985771. ApiName/ApiAddress from web discovery
223624|Waberers|Waberer's International Zrt.|HU17781578|HU17781578|original|HU|valid|Valid|Pass|Yes|Áfa csoport / VAT Group (Az áfa csoport tagjai lekérdezhetőek: / Members of the VAT group can be checked on: https://nav.gov.hu/adatbazisok/adatbleker/csoportos_afaalanyok)|Áfa csoport / VAT Group (Az áfa csoport tagjai lekérdezhetőek: / Members of the VAT group can be checked on: https://nav.gov.hu/adatbazisok/adatbleker/csoportos_afaalanyok)|NAGYKOROSI ÚT 351 1239 BUDAPEST|Nagykörösi út 351., 1239, Budapest|Match||
228119|228119|SKAT TRANSPORT SP. Z O.O. SP. K.|PL 5851356886|PL5851356886|original|PL|valid|Valid|Pass|Yes|SKAT TRANSPORT PROSTA SPÓŁKA AKCYJNA|SKAT TRANSPORT PROSTA SPÓŁKA AKCYJNA|JULIUSZA SŁOWACKIEGO 199, 80-298 GDAŃSK|SŁOWACKIEGO 199, 80-298, GDAŃSK|Match||
226977|226977|P.H.U.S EXPORT-IMPORT "TRANSPIL-SPEDITION"|PL7670003116|PL7670003116|original|PL|valid|Valid|Pass|Yes|WALDEMAR BOCHEŃSKI|WALDEMAR BOCHEŃSKI|SKÓRKA , BRZOZOWA 2, 77-430 KRAJENKA|Brzozowa 2, 77430, Krajenka,Skórka|Match||
241761|241761|MAGTRANS Sp. z o. o.|PL6551430917|PL6551430917|original|PL|valid|Valid|Pass|Yes|'MAGTRANS' SPÓŁKA Z OGRANICZONĄ ODPOWIEDZIALNOŚCIĄ|'MAGTRANS' SPÓŁKA Z OGRANICZONĄ ODPOWIEDZIALNOŚCIĄ|BOHATERÓW WARSZAWY 116, 28-100 BUSKO-ZDRÓJ|Bohaterow Warszawy 116, 28-100, Busko-Zdroj|Match||
322784|227709|CH Robinson FR-Caen|FR43322939265|FR43322939265|original|FR|valid|Valid|Pass|||||6 RUE DU COLONEL REMY, 14000, CAEN|N/A||
302679|227934|REGESTA S.A.|6621004747|PL6621004747|original|PL|valid|Valid|Pass|Yes|REGESTA SPÓŁKA AKCYJNA|REGESTA SPÓŁKA AKCYJNA|NOWOWIEJSKA 52A, 28-400 PIŃCZÓW|NOWOWIEJSKA 52A, 28-400, Pińczów|Match||
230296|230296|Gopet Trans EOOD|BG831689341|BG831689341|original|BG|valid|Valid|Pass|Yes|ГОПЕТ ТРАНС - ЕООД|ГОПЕТ ТРАНС - ЕООД|ул. Вега  №7 обл.СОФИЯ, с.КАЗИЧЕНЕ 1532|Kazichene, Bivsh Stopanski dvor, Skladova Baza GOPET LOGISTICS, 1532, SOFIA|Partial||
NULL|288321|GEFCO||FR83542050315|discovered|FR|discovered|Valid|Pass|||||9 bld kennedy, 25000, BESANCON|N/A||Web: FR83542050315 is main GEFCO entity (SIREN 542050315). GEFCO fully integrated into CEVA Logistics Jan 2023. Same VAT as GEFCO France (244904)
237885|Devnak|Devnak Nakliyat|2940036980|TR2940036980|original|TR|non_eu|Invalid||||||Merkez Mahallesi Bahçeler Cad. No:3, 34540, İstanbul|N/A||Non-EU country — no checksum/API support
241951|243131|Raben Trans European Germany GmbH|DE 200207156|DE200207156|original|DE|valid|Valid|Pass|No||||Regioparkring 8, 41199, Mönchengladbach|N/A||Web: HRB deleted 08.05.2019. Some sources report different VAT DE277971929. Entity may have been reorganized/merged within Raben Group
230574|230574|FIRMA TRANSPORTOWO SPEDYCYJNO HANDLOWA MIELCZAREK ANDRZEJ|PL8290001407|PL8290001407|original|PL|valid|Valid|Pass|Yes|ANDRZEJ MIELCZAREK|ANDRZEJ MIELCZAREK|WILCZA 25, 98-220 ZDUŃSKA WOLA|WILCZA 25, 98-220, ZDUŃSKA WOLA|Match||
228717|228717|P.W. Podkowa Sp. z o.o.||PL5340001656|discovered|PL|discovered|Valid|Pass|Yes|PRZEDSIĘBIORSTWO WIELOBRANŻOWE PODKOWA SPÓŁKA Z OGRANICZONĄ ODPOWIEDZIALNOŚCIĄ|PRZEDSIĘBIORSTWO WIELOBRANŻOWE PODKOWA SPÓŁKA Z OGRANICZONĄ ODPOWIEDZIALNOŚCIĄ|STORCZYKÓW 23, 05-807 PODKOWA LEŚNA|al. Krakowska 51, 5551, Mroków|Mismatch||
316916|227405|HILAL TRANS ULUSLARARASI TASIMACILIK ITH. IHR.TURIZM VE TİC. LTD.STİ|4630004323|TR4630004323|original|TR|non_eu|Invalid||||||İnonu Mah. Kayisdagi Cad. No: 282, Atasehir, 34755, istanbul|N/A||Non-EU country — no checksum/API support
302772|371165|Geodis United Kingdom Ltd||GB745967283|discovered|GB|discovered|Valid|Pass|Yes|GEODIS UNITED KINGDOM LIMITED|GEODIS UNITED KINGDOM LIMITED|3 NEWMANS ROW, LINCOLNS INN LINCOLN ROAD, CRESSEX BUSINESS PARK, HIGH WYCOMBE, HP12 3RE, GB|Coronation Road, HP12 3TA, High Wycombe|Partial||
230364|230364|DELAMODE ROMANIA|RO6322498|RO6322498|original|RO|valid|Valid|Pass||DELAMODE ROMANIA SRL|DELAMODE ROMANIA SRL|Boulevard Timişoara 4A, Floor 1, Sector 6, Bucharest|B-dul Timisoara, Nr. 111 - 115, Sector 6, 61327, Bukarest|Partial||Web: CUI 6322498 confirmed. Founded 1994. AEO certified. Revenue 222M RON. 289 employees. ApiName/ApiAddress from web discovery
237312|237312|CAT LC Portugal|PT 506 906 612|PT506906612|original|PT|valid|Valid|Pass|Yes|CAT LC AFRETAMENTOS E LOGISTICA CARGO UNIPESSOAL LDA|CAT LC AFRETAMENTOS E LOGISTICA CARGO UNIPESSOAL LDA|URBANIZAÇÃO DO PASSIL LOTE 93 A RUA DO VALE DA MAÇAROCA N 34, 7, ALCOCHETE, 2890-182 ALCOCHETE|Quinta da Marqueza 1, Herdade Quinta da Torre, Vila Amélia, Armazém 1, Fracção 2, 2950-678, Quinta do Anjo|Mismatch||
227683|227683|CONEXTRANS  I.F.F.  S.A.  (A.G.)|EL095349047|EL095349047|original|GR|valid|Valid|Pass|Yes|CONEXTRANS ΑΝΩΝΥΜΗ ΕΤΑΙΡΙΑ ΔΙΕΘΝΩΝ ΚΑΙ ΕΘΝΙΚΩΝ ΜΕΤΑΦΟΡΩΝ|CONEXTRANS ΑΝΩΝΥΜΗ ΕΤΑΙΡΙΑ ΔΙΕΘΝΩΝ ΚΑΙ ΕΘΝΙΚΩΝ ΜΕΤΑΦΟΡΩΝ||CONEXTRANS ΑΕ|ΘΕΡΜΗ ΑΡΙΘΝΟΣ  ΑΓΡΟΤΕΜ 51 0         57001 - ΘΕΡΜΗ||12, Str. Lachanagoras, 54628, THESSALONIKI
239887|239770|MacAndrews GmbH|||original|GB|missing|||||||75 King William Street, EC4N 7BE, LONDON|N/A||Web: UK entity MacAndrews & Co Ltd (00334790) at 75 King William Street is a micro entity (<£1M). CMA CGM subsidiary. Operations merged into Containerships brand since April 2019. No separate VAT found. Country listed as GB but name is 'GmbH' (German). German entity MacAndrews Germany GmbH has VAT DE174496721
233639|270235|Transport H. Essers & Zonen Nv|BE 0401.296.720|BE0401296720|original|BE|valid|Valid|Pass|Yes|NV HENRI ESSERS EN ZONEN INTERNATIONAAL TRANSPORT|NV HENRI ESSERS EN ZONEN INTERNATIONAAL TRANSPORT|Transportlaan 4, 3600 Genk|Transportlaan 4, 3600, genk|Match||
238494|GT|GT-Trans Polska Sp. z o.o.|PL0000000000|PL1181887288|discovered|PL|discovered|Valid|Pass|No||||Przejazdowa, 18, 5800, Pruszkow|N/A||Web: NIP 1181887288 confirmed for GT-Trans Polska Sp. z o.o. but registered at Pass (05-870), NOT Pruszków. A different GT-Trans at Przejazdowa 18, Pruszków has NIP 1182122955 — possible wrong entity match
224932|224932|Gartner Intertrans Hungária Kft.|HU10457812|HU10457812|original|HU|valid|Valid|Pass|Yes|GARTNER INTERTRANS HUNGÁRIA NEMZETKÖZI FUV.,SZÁLLITMÁNYOZÁSI KFT.|GARTNER INTERTRANS HUNGÁRIA NEMZETKÖZI FUV.,SZÁLLITMÁNYOZÁSI KFT.|SPEDITOR UTCA 1. 8900 ZALAEGERSZEG|Speditor u. 1., 8900, Zalaegerszeg|Match||
229121|229121|DARTOM SP. Z O.O.|PL8380000966|PL8380000966|original|PL|valid|Valid|Pass|Yes|DARTOM SPÓŁKA Z OGRANICZONĄ ODPOWIEDZIALNOŚCIĄ|DARTOM SPÓŁKA Z OGRANICZONĄ ODPOWIEDZIALNOŚCIĄ|BAŁTYCKA 50, 05-825 GRODZISK MAZOWIECKI|BAŁTYCKA 50, 05-825, GRODZISK MAZOWIECKI|Match||
221926|221926|HEMMERLIN SA|FR 11399514611|FR11399514611|original|FR|valid|Valid|Pass||HEMMERLIN SAS|HEMMERLIN SAS|12 Rue des Cévennes, 68390 Sausheim|12, rue des Cévennes, 68390, Sausheim|Match||Web: TVA FR11399514611 confirmed. SIREN 399514611. Now SAS form (not SA). Revenue €52M. ApiName/ApiAddress from web discovery
230955|230955|FM Polska Sp. z o. o.|PL8381000827|PL8381000827|original|PL|valid|Valid|Pass|Yes|FM POLSKA SPÓŁKA Z OGRANICZONĄ ODPOWIEDZIALNOŚCIĄ|FM POLSKA SPÓŁKA Z OGRANICZONĄ ODPOWIEDZIALNOŚCIĄ|TARCZYŃSKA 111A, 96-320 MSZCZONÓW|Ługowa 30, 96-320, Mszczonów|Partial||
231137|231137|Girteka Logistics Ltd|LT100005407518|LT100005407518|original|LT|valid|Valid|Pass|Yes|EVERWEST UAB|EVERWEST UAB|Laisvės pr. 36, Vilniaus m., Vilniaus m. sav.|Kuprinoniskes vlg, 13279, Vilnius region|Partial||
258468|258468|EST Contracts BV - Istanbul branch||NL866889899B01|discovered|NL|discovered|Valid|Fail|See suggestions|EST Contracts B.V.|EST Contracts B.V.|Trompenburgstraat 2-C, 1079 TX Amsterdam|Teleportboulevard 120, 1043 EJ, Amsterdam|Mismatch||Web: New entity (2024) owned by sennder Benelux B.V. BTW NL866889899B01 confirmed. KvK 94776245. Address changed. ApiName/ApiAddress from web discovery
230869|230869|Frode laursen|DK0000000000|DK29482713|discovered|DK|discovered|Valid|Pass|Yes|FRODE LAURSEN A/S|FRODE LAURSEN A/S|Vittenvej 90, 8382 Hinnerup|vittenvej 90, 8382, hinnerup|Match||
229592|229592|Transforwarding International Sp. z o.o.||PL5342147482|discovered|PL|discovered|Valid|Pass|Yes|TRANSFORWARDING INTERNATIONAL SPÓŁKA Z OGRANICZONĄ ODPOWIEDZIALNOŚCIĄ|TRANSFORWARDING INTERNATIONAL SPÓŁKA Z OGRANICZONĄ ODPOWIEDZIALNOŚCIĄ|NA SKRAJU 73 MA, 05-090 RASZYN|Na Skraju 73A, 05-090, Raszyn|Match||
230876|Containerships|CONTAINERSHIPS PLC|FI08183585|FI08183585|original|FI|valid|Valid|Pass|No||||Mannerheimintie 15a, 260, Helsinki|N/A||Web: Company operations CEASED. Terminated Jan 13, 2020. Absorbed into CMA CGM Group. Finnish entity no longer active
230935|230935|DHL Express Portugal Lda.|PT0000000000|PT500731993|discovered|PT|discovered|Valid|Pass|Yes|DHL EXPRESS PORTUGAL LDA|DHL EXPRESS PORTUGAL LDA|AEROPORTO DE LISBOA RUA C EDIFICIO 69 3 PISO GABINETE 306 30, 8, LISBOA, 1700-008 LISBOA|Urbanização do Passil, Lote 93 A, Passil, 2890, Alcochete|Mismatch||
231183|231183|EST Contracts BV - Lyon branch|||original|FR|missing|||||||Teleportboulevard 120, 1043EJ, Amsterdam|N/A||Web: EST Contracts B.V. is Dutch entity (BTW NL866889899B01), not French. Listed as FR but address is Amsterdam. No separate French TVA found. Now owned by sennder Benelux B.V.
229564|229564|EST Contracts BV - Budapest branch|NL811514274|NL811514274|original|HU|valid|Invalid||||||Teleportboulevard 120, 1043 EJ, Amsterdam|N/A||Web: NL811514274 is old EST Contracts registration. Current entity uses BTW NL866889899B01 (KvK 94776245, 2024). Owned by sennder Benelux B.V. Listed as HU but address is Amsterdam
233875|CHR|EST Poland sp. z o.o. - branch 1|NL811514274B01|NL811514274B01|original|PL|valid|Valid|Fail|See suggestions||||Łucka 9, 00-842, Warszawa|N/A||Web: NL811514274B01 is old EST Contracts VAT. Current entity uses NL866889899B01 under sennder Benelux. Polish branch using Dutch VAT
244609|230931|A. T. TROTA, S.A.|ESA25038142|ESA25038142|original|ES|valid|Valid|Pass||A.T. TROTA S.A.|A.T. TROTA S.A.|C.I.M. - Vial E. Parcela, 7, 25191 Lleida|CIM LLEIDA VIAL E, PARCELA 17, 25190, LLEIDA|Match||Web: CIF A25038142 confirmed. Family-run since 1958. Temperature-controlled transport. ApiName/ApiAddress from web discovery
341645|235268|Luís Simões Logística Integrada, S.A.|PT-500289050|PT500289050|original|PT|valid|Valid|Pass|Yes|LUÍS SIMÕES LOGÍSTICA INTEGRADA, S.A.|LUÍS SIMÕES LOGÍSTICA INTEGRADA, S.A.|MONINHOS, LOURES, 2670-501 LOURES|Moninhos, Apartado 41, 2671-951, Loures|Match||
258676|258676|transportes J. CARRION|A-04014635|ESA04014635|original|ES|valid|Valid|Pass|||||C/PABLO PICASSO, 1, 4230, HUERCAL DE ALMERIA|N/A||
336195|258881|GEFCO Deutschland GmbH|DE811122082|DE811122082|original|DE|valid|Valid|Pass|Yes|N/A|N/A|N/A|Kurhessenstraße 13, 64546, Mörfelden-Walldorf|N/A||
241914|241914|ERONTRANS SP. Z O. O.|PL5890011743|PL5890011743|original|PL|valid|Valid|Pass|Yes|ERONTRANS SPÓŁKA Z OGRANICZONĄ ODPOWIEDZIALNOŚCIĄ|ERONTRANS SPÓŁKA Z OGRANICZONĄ ODPOWIEDZIALNOŚCIĄ|GRUNWALDZKA 64B, 83-000 PRUSZCZ GDAŃSKI|Grunwaldzka 64b, PL 83-000, Pruszcz Gdanski|Match||
260712|245249|GEFCO ITALIA SPA||IT08983530158|discovered|IT|discovered|Valid|Pass|Yes|CEVA GROUND LOGISTICS ITALY S.P.A.|CEVA GROUND LOGISTICS ITALY S.P.A.|STRADA 3 PALAZZO B5 SNC , 20057 ASSAGO MI|VIA PALIZZI 89, 20157, MILANO|Mismatch||
257414|257414|Transportes Pascoal|PT0000000000|PT500514666|discovered|PT|discovered|Valid|Pass|Yes|TRANSPORTES PASCOAL, S.A.|TRANSPORTES PASCOAL, S.A.|ESTRADA NACIONAL N 1 SANTA LUZIA, BARCOUÇO, 3050-106 BARCOUCO|Santa Luzia, 3050-106, Coimbra Norte|Match||
235114|235114|MÜLLER TRANSPORTE GmbH|ATU 194 32 905|ATU19432905|original|AT|valid|Valid|Pass|Yes|Müller BeteiligungsverwaltungsGmbH|Müller BeteiligungsverwaltungsGmbH|Palmersstraße 10, AT-2351 Wiener Neudorf|Palmersstrasse 10, 2351, WIENER NEUDORF|Match||
270235|233639|H. Essers Transport Company Nederland BV||NL002837110B01|discovered|NL|discovered|Valid|Fail|See suggestions|H. Essers Transport Company Nederland B.V.|H. Essers Transport Company Nederland B.V.|Blankenweg 11, 4612 RC Bergen op Zoom|J.F. Kennedylaan 42, 5555 XD, Valkenswaard|Mismatch||Web: BTW NL002837110B01 confirmed. KvK 17040185. Valkenswaard location de-registered; HQ now Bergen op Zoom. ApiName/ApiAddress from web discovery
336720|233891|ITF Polska Sp. z o.o.|PL1181733941|PL1181733941|original|PL|valid|Valid|Pass|No||||Warszawska 109/6, 05-092, Lomianki|N/A||Web: Company in DISSOLUTION proceedings (announced May 2025, 3-month objection period). NIP confirmed. KRS 0000206524
263360|263360|ABC Czepczynski Spolka z o.o. Sp.k.|PL5951442504|PL5951442504|original|PL|valid|Valid|Pass|Yes|ABC CZEPCZYŃSKI SP. Z O.O. SPÓŁKA KOMANDYTOWA|ABC CZEPCZYŃSKI SP. Z O.O. SPÓŁKA KOMANDYTOWA|WIGURY 20, 64-400 MIĘDZYCHÓD|Wigury 20, 64400, Międzychód|Match||
233811|Van Cargo|VAN CARGO S.A.|PL5242125771|PL5242125771|original|PL|valid|Valid|Pass|Yes|VAN CARGO SPÓŁKA AKCYJNA|VAN CARGO SPÓŁKA AKCYJNA|PRZECŁAWSKA 8, 03-879 WARSZAWA|PRZECLAWSKA 8, 03-879, WARSAW|Match||
234810|234810|Schenker Sp z o.o.||PL5270103824|discovered|PL|discovered|Valid|Pass|Yes|SCHENKER SPÓŁKA Z OGRANICZONĄ ODPOWIEDZIALNOŚCIĄ|SCHENKER SPÓŁKA Z OGRANICZONĄ ODPOWIEDZIALNOŚCIĄ|ŻWIRKI I WIGURY 16C, 02-092 WARSZAWA|Ordona 2a, 1237, Warszawa|Partial||
244040|257567|Hellmann Worldwide Logistics Polska Sp.z o.o sp. k.|PL1230005823|PL1230005823|original|PL|valid|Valid|Pass|Yes|HELLMANN WORLDWIDE LOGISTICS POLSKA SPÓŁKA Z OGRANICZONĄ ODPOWIEDZIALNOŚCIĄ SPÓŁKA KOMANDYTOWA|HELLMANN WORLDWIDE LOGISTICS POLSKA SPÓŁKA Z OGRANICZONĄ ODPOWIEDZIALNOŚCIĄ SPÓŁKA KOMANDYTOWA|ALEJA KRAKOWSKA 61, 02-183 WARSZAWA|Sokołowska 10, 05-090, Raszyn|Mismatch||
339773|234135|Vesta Ukraine||35322154|discovered|UA|discovered|Invalid||||||Moscow p-t. 6, of 505, 4073, Kiev|N/A||
342148|230858|DHL EXPRESS SP. Z O.O.|PL0000000000|PL5270022391|discovered|PL|discovered|Valid|Pass|Yes|DHL EXPRESS (POLAND) SPÓŁKA Z OGRANICZONĄ ODPOWIEDZIALNOŚCIĄ|DHL EXPRESS (POLAND) SPÓŁKA Z OGRANICZONĄ ODPOWIEDZIALNOŚCIĄ|WIRAŻOWA 37, 02-158 WARSZAWA|OSMAŃSKA 2, 2823, WARSZAWA|Partial||
234204|234204|TARGOR-TRUCK SP. Z O.O.|7582045405|PL7582045405|original|PL|valid|Valid|Pass|Yes|"TARGOR-TRUCK" SPÓŁKA Z OGRANICZONĄ ODPOWIEDZIALNOŚCIĄ|"TARGOR-TRUCK" SPÓŁKA Z OGRANICZONĄ ODPOWIEDZIALNOŚCIĄ|ŁAWY 97, 07-411 RZEKUŃ|ŁAWY 97, 07-411, RZEKUŃ|Match||
308816|229745|Ekol Logistics|TR0000000000|TR3300012602|discovered|TR|discovered|Invalid||||||Ekol Caddesi 2, Sultanbeyli, 34935, İstanbul|N/A||
322241|230895|Tradecor s.r.l.|IT 00 160 120 266|IT05160120266|corrected|IT|valid|Valid|Fail|Yes (corrected)|GERMANCARS SRL|GERMANCARS SRL|VIA JACOPO MONICO 2 , 31033 CASTELFRANCO VENETO TV|Via Lucia Frischin 1, 39100, Bolzano (BZ)|Mismatch||Corrected from IT00160120266
242116|242116|DHL Freight Belgium nv|BE0401264551|BE0401264551|original|BE|valid|Valid|Pass|Yes|NV DHL FREIGHT (BELGIUM)|NV DHL FREIGHT (BELGIUM)|Brandekensweg 2, 2627 Schelle|Eppegemsesteenweg 31 - 33, 1850, Grimbergen|Mismatch||
326071|326071|MANVESTA|LT582970113|LT582970113|original|LT|valid|Valid|Pass|Yes|UAB "Manvesta"|UAB "Manvesta"|P. Paulaičio g. 13B, Jurbarko m., Jurbarko miesto sen., Jurbarko r. sav.|P. Paulaicio str. 13B, 74111, Jurbarkas|Match||
260224|260224|CAMPILLO PALMERA SL|ESB73783003|ESB73783003|original|ES|valid|Valid|Pass|||||CTRA MADRID KM 373, P I LA SERRETA, 30500, MOLINA DE SEGURA - MURCIA|N/A||
256443|238181|ATC CARGO SA||PL9581531010|discovered|PL|discovered|Valid|Pass|Yes|ATC CARGO SPÓŁKA AKCYJNA|ATC CARGO SPÓŁKA AKCYJNA|KIELECKA 2, 81-303 GDYNIA|Polska 13A, 81-339, Gdynia|Partial||
243850|243850|Bei-Trans||31526028|discovered|UA|discovered|Invalid||||||Junakiva,9, Генерала Юнакива, 9, 79039, Lviv|N/A||
265117|228860|DHL Global Forwarding (Italy) S.p.A. – Div. Freight||IT00754800159|discovered|IT|discovered|Valid|Pass|Yes|DHL GLOBAL FORWARDING (ITALY) SPA|DHL GLOBAL FORWARDING (ITALY) SPA|VIA DELLE INDUSTRIE 1 , 20060 POZZUOLO MARTESANA MI|Via delle Industrie 1, 20060, Pozzuolo Martesana|Match||
233418|244443|Patinter España S.L|PT500212848|PT500212848|original|ES|valid|Valid|Pass|Yes|PATINTER PORTUGUESA AUTOMOVEIS TRANSPORTADORES SA|PATINTER PORTUGUESA AUTOMOVEIS TRANSPORTADORES SA|ESTRADA NACONAL 16 KM 106 100 FAGILDE, FORNOS DE MACEIRA DÂO, 3530-070 FORNOS DE MACEIRA DAO|Poligono Ind. Okiturri, 1207, San Roman de San Roman|Mismatch||
228639|228639|CODOGNOTTO ITALIA SPA|IT00474360310|IT00474360310|original|IT|valid|Valid|Pass|Yes|CODOGNOTTO ITALIA S.P.A.|CODOGNOTTO ITALIA S.P.A.|VIA CALNUOVA 18 , 31040 SALGAREDA TV|Via Calnuova 18/20., 31040, Salgareda|Match||
231501|231501|FIDEL SRL|IT04434190288|IT04434190288|original|IT|valid|Valid|Pass|Yes|FIDEL S.R.L. IN LIQUIDAZIONE|FIDEL S.R.L. IN LIQUIDAZIONE|VIA NEWTON 10 , 35028 PIOVE DI SACCO PD|UGO FOSCOLO,08, 35131, PADOVA|Mismatch||
241753|241753|TORELLO TRASPORTI SRL|1897330641|IT01897330641|corrected|IT|valid|Valid|Pass||TORELLO TRASPORTI S.R.L.|TORELLO TRASPORTI S.R.L.|Via Marconi 381, Montoro (AV)|G.MARCONI, 251, 83025, MONTORO INFERIORE|Partial||Web discovery: correct P.IVA is 01897330641 (11 digits, was missing leading zero). Active company with €250M revenue. ApiName/ApiAddress from web discovery
225404|225404|Raben Transport|PL7810020506|PL7810020506|original|PL|valid|Valid|Pass|Yes|RABEN TRANSPORT SPÓŁKA Z OGRANICZONĄ ODPOWIEDZIALNOŚCIĄ|RABEN TRANSPORT SPÓŁKA Z OGRANICZONĄ ODPOWIEDZIALNOŚCIĄ|POZNAŃSKA 71, 62-023 GĄDKI|71 Poznanska, 62023, Gadki|Match||
229245|229245|AMBROGIO TRASPORTI SPA||IT00510420011|discovered|IT|discovered|Valid|Pass|Yes|AMBROGIO TRASPORTI - S.P.A.|AMBROGIO TRASPORTI - S.P.A.|VIA KENNEDY 1 , 10048 VINOVO TO|tognasca 5, 21013, Gallarate|Mismatch||
236111|236111|Transportes Broliveira, Lda|PT500425353|PT500425353|original|PT|valid|Valid|Pass|Yes|TRANSPORTES BROLIVEIRA LDA|TRANSPORTES BROLIVEIRA LDA|RUA DAS AREIAS N 17 AREIAS GONDEMARIA, GONDEMARIA, 2490-124 GONDEMARIA|Estrada de Ourém nº15, Areias, 2490-124, Gondemaria (Ourém)|Partial||
234562|234562|WITRANS Izak, Wenerski Sp. jawna||PL5291580400|discovered|PL|discovered|Valid|Pass|Yes|WITRANS IZAK WENERSKI SPÓŁKA JAWNA|WITRANS IZAK WENERSKI SPÓŁKA JAWNA|PŁOCKA 2, 05-825 GRODZISK MAZOWIECKI|Plocka 2, 05-825, Grodzisk Mazowiecki|Match||
229275|229275|VILLART LOGISTIC S.L.|ESB25479726|ESB25479726|original|ES|valid|Valid|Pass|Yes|N/A|N/A|N/A|C/ BARCELONA, 25600, BALAGUER|N/A||
293035|293035|Ibero Linhas - Transportes, Lda. (as agents for WEC LINES)|500361703|PT500361703|original|PT|valid|Valid|Pass|Yes|IBERO LINHAS TRANSPORTES LDA|IBERO LINHAS TRANSPORTES LDA|RUA DO PROGRESSO 471 3, PERAFITA, 4455-533 PERAFITA|Urbanização da Matinha, Rua 2, Edificio Verde, 2º Esquerdo, 1950-073, Lisboa|Mismatch||
237766|Lafante|Lafante Kamil Stańczak|PL5252341571|PL5252341571|original|PL|valid|Valid|Pass|Yes|KAMIL STAŃCZAK|KAMIL STAŃCZAK|WARSZAWA , AL. SOLIDARNOŚCI 66 M89, 00-240|Aleja Solidarności 66/89, 00-240, Warszawa|Match||
250619|222172|Van Steenbergen Transport Arendonk|BE0404199394|BE0404199394|original|BE|valid|Valid|Pass|Yes|BVBA Transport Arendonk|BVBA Transport Arendonk|Hoge Mauw 210, 2370 Arendonk|Hoge Mauw 210, 2370, Arendonk|Match||
261972|261972|Gefco Tasimacilik ve Lojistik A.S.|||original|TR|missing|||||||Kayisdagi Cad. Karaman Ciftlik Yolu Kar, 34752, Icerenköy - Istanbul|N/A||Web: Company confirmed at Kayışdağı Cad., Kar Plaza E-Blok, Kat:13, İçerenköy. GEFCO integrated into CEVA Logistics Jan 2023. Offices in Istanbul, Ankara, Bursa, İzmir, Mersin. Vergi numarası not found
200019|200019|Schenker Deutschland AG||DE811228366|discovered|DE|discovered|Valid|Pass|Yes|N/A|N/A|N/A|Feineisenstraße 4, 44339, Dortmund|N/A||
253686|253686|Troyka International Transport & Trade Inc.|8590062681|TR8590062681|original|TR|non_eu|Invalid||||||YENIBOSNA MER. MAH.BASIN EKSPRES YOLU CEMAL ULUSOY CD.SHT, 34730, ISTANBUL|N/A||Non-EU country — no checksum/API support
221780|221780|Unterer GesmbH|AT0000000000|ATU32430107|discovered|AT|discovered|Valid|Pass|Yes|Unterer Gesellschaft m.b.H.|Unterer Gesellschaft m.b.H.|Luna 32, AT-6250 Kundl|Luna 32, 6250, Kundl|Match||
246963|246963|NOLAN TRANSPORT|IE4571931W|IE4571931W|original|IE|valid|Valid|Pass|Yes|ROADTEAM LOGISTICS SOLUTIONS UNLIMITED COMPANY|ROADTEAM LOGISTICS SOLUTIONS UNLIMITED COMPANY|NOLAN TRANSPORT, OAKLANDS, NEW ROSS, CO WEXFORD|OAKLANDS, NEW ROSS, 51, CO WEXFORD|Match||
233377|233377|Magnus Logistics, UAB|LT10001806917|LT100001806917|corrected|LT|valid|Valid|Pass||Magnus Logistics UAB|Magnus Logistics UAB|Naugarduko str. 55A, Vilnius|Naugarduko str. 55A, 3204, Vilnius|Match||Web: Correct VAT is LT100001806917 (extra 0). Company code 300129642. Active with 87 employees, €85M revenue. ApiName/ApiAddress from web discovery
234594|234594|Trans-Logistic Dębica|PL8722095735|PL8722095735|original|PL|valid|Valid|Pass|Yes|PIOTR SZCZERBIŃSKI|PIOTR SZCZERBIŃSKI|ZAWIERZBIE 21E, 39-204|Fabryczna 12, 39-200, Debica|Partial||
283841|283841|VISLINE Sp.zo.o|PL5862232082|PL5862232082|original|PL|valid|Valid|Pass|Yes|VISLINE SPÓŁKA Z OGRANICZONĄ ODPOWIEDZIALNOŚCIĄ|VISLINE SPÓŁKA Z OGRANICZONĄ ODPOWIEDZIALNOŚCIĄ|RDESTOWA 160, 81-577 GDYNIA|Siewna 7, 81-574, Gdynia|Partial||
235220|235220|STALKO Przybysz i Wspólnicy Spółka Jawna|PL0000000000|PL1250022090|discovered|PL|discovered|Valid|Pass|Yes|STALKO PRZYBYSZ I WSPÓLNICY SPÓŁKA Z OGRANICZONĄ ODPOWIEDZIALNOŚCIĄ|STALKO PRZYBYSZ I WSPÓLNICY SPÓŁKA Z OGRANICZONĄ ODPOWIEDZIALNOŚCIĄ|JÓZEFA PONIATOWSKIEGO 65, 05-220 ZIELONKA|PONIATOWSKIEGO, 05-220, ZIELONKA|Match||
235149|235149|BTG Feldberg & Sohn GmbH & Co. KG|DE 170014163|DE170014163|original|DE|valid|Valid|Pass|Yes|N/A|N/A|N/A|Wüppings Weide 1, 46395, Bocholt|N/A||
247138|247138|Codognotto Austria GmbH||ATU64785511|discovered|AT|discovered|Valid|Pass|No||||Lederergasse 35/12, 1080, Wien|N/A||Web: ATU64785511 confirmed. Company DELETED from Firmenbuch Feb 12, 2026. Entity dissolved/liquidated. Parent: Codognotto Italia S.P.A.
244718|244718|TRANS ITALIA SRL|IT02032300655|IT02032300655|original|IT|valid|Valid|Pass|Yes|TRANS ITALIA S.P.A.|TRANS ITALIA S.P.A.|PIAZZA MARTINEZ 5 , 84085 MERCATO SAN SEVERINO SA|PIAZZA MARTINEZ ,05, 84085, MERCATO S.SEVERINO|Match||
251312|306763|Gefco United Kingdom|GB 272369149|GB272369149|original|GB|valid|Valid|Pass|Yes|STELLANTIS UK LIMITED|STELLANTIS UK LIMITED|PINLEY HOUSE, 2 SUNBEAM WAY, COVENTRY, WEST MIDLANDS, CV3 1ND, GB|376-378 Chiswick High Road, Chiswick,, W4 5TF, London|Mismatch||
305901|305901|Transport Gapiński Sp. z o.o. Sp. k.|PL7661997146|PL7661997146|original|PL|valid|Valid|Pass|Yes|TRANSPORT GAPIŃSKI SPÓŁKA Z OGRANICZONĄ ODPOWIEDZIALNOŚCIĄ SPÓŁKA KOMANDYTOWA|TRANSPORT GAPIŃSKI SPÓŁKA Z OGRANICZONĄ ODPOWIEDZIALNOŚCIĄ SPÓŁKA KOMANDYTOWA|SKOCKA 20, 62-100 WĄGROWIEC|Skocka 20, 62-100, Wągrowiec|Match||
235502|235502|XPO LOGISTICS (NORBERT DENTRESSANGLE) HIGH CUBE|FR0000000000||original|FR|placeholder|||||||Z.I.  Rue des Moines, 2203, SOISSONS|N/A||Web: Norbert Dentressangle acquired by XPO Logistics June 2015. No specific French TVA found for Soissons branch. Parent SIREN 309645539. Needs manual check on societe.com
291017|291017|Borusan Lojistik|||original|TR|missing|||||||YALÇIN KOREŞ CAD. NO:22, 34303, İSTANBUL|N/A||Web: Company confirmed. LEI 789000Y5G0BC3HB6OT04. Part of Borusan Group. Vergi numarası not publicly available
238008|238008|J&S Speed Kft|HU 12939848|HU12939848|original|HU|valid|Valid|Pass|Yes|J & S SPEED FUVAROZÓ KORLÁTOLT FELELŐSSÉGŰ TÁRSASÁG|J & S SPEED FUVAROZÓ KORLÁTOLT FELELŐSSÉGŰ TÁRSASÁG|AGOSTYANI ÚT 91 2890 TATA|Agostyáni út 91., 2890, Tata|Match||
234090|234090|Euroafrica Shipping Lines Cyprus Limited|CY10109723K|CY10109723K|original|CY|valid|Valid|Pass|Yes|EUROAFRICA SHIPPING LINES CYPRUS LIMITED|EUROAFRICA SHIPPING LINES CYPRUS LIMITED|ΛΕΩΦ. ΜΑΚΑΡΙΟΥ ΙΙΙ 229 MELIZA,FLOOR 4, 3105 ΛΕΜΕΣΟΣ|Arch.Makariou III,229, MELIZA COURT , 4th floor, 3105, Limassol , Cyprus|Match||
302996|302996|Geodis Logistics Netherlands B.V.||NL003871678B01|discovered|NL|discovered|Valid|Fail|See suggestions|GEODIS CL Netherlands B.V.|GEODIS CL Netherlands B.V.|Transportcentrum 24, 7500 AS Enschede|Transportcentrum 24, 7547RX, Enschede|Match||Web: BTW NL003871678B01 confirmed. KvK 12037189. Now operating as GEODIS CL Netherlands. ApiName/ApiAddress from web discovery
285150|285150|TRANSMEJA JSC|LT451301917|LT451301917|original|LT|valid|Valid|Pass|Yes|UŽDAROJI AKCINĖ BENDROVĖ "TRANSMĖJA"|UŽDAROJI AKCINĖ BENDROVĖ "TRANSMĖJA"|Metalistų g. 3, Šiaulių m., Šiaulių m. sav.|Metalistu str. 3, 78109, Siauliai|Match||
252367|252367|AGROLOGISTIKA|LT100001123912|LT100001123912|original|LT|valid|Valid|Pass|Yes|UAB "Agrologistika"|UAB "Agrologistika"|Tilžės g. 60, Klaipėdos m., Klaipėdos m. sav.|Tilžės g. 60T, 91108, Klaipėda|Match||
240173|240173|VLANTANA UAB||LT633770418|discovered|LT|discovered|Valid|Pass|Yes|Uždaroji akcinė bendrovė "Vlantana"|Uždaroji akcinė bendrovė "Vlantana"|Dvaro g. 1, Gobergiškės k., Dauparų-Kvietinių sen., Klaipėdos r. sav.|Dvaro 1, Gobergiškės k., 96173, Klaipedos raj.|Match||
243440|243440|Hecny Express LLC|7715679440|RU7715679440|original|RU|non_eu|Invalid||||||Prishvina, 8, build. 2, 127549, Moscow|N/A||Non-EU country — no checksum/API support
306335|306335|Zammler Ukraine Ltd||35007717|discovered|UA|discovered|Invalid||||||Hryhoriia Andriushchenka str.,  4-H (G), 1135, Kyiv|N/A||
270154|270154|DHL Global Forwarding Sp. z o.o.|7280257292|PL7280257292|original|PL|valid|Valid|Pass|Yes|'DHL GLOBAL FORWARDING' SPÓŁKA Z OGRANICZONĄ ODPOWIEDZIALNOŚCIĄ|'DHL GLOBAL FORWARDING' SPÓŁKA Z OGRANICZONĄ ODPOWIEDZIALNOŚCIĄ|KRAKOWIAKÓW 44, 02-255 WARSZAWA|ul. Krakowiaków 44, 02-255, Warszawa|Match||
300793|266476|SIA GEFCO BALTIC|LV50003993021|LV50003993021|original|LV|valid|Valid|Pass|Yes|SIA "CEVA Logistics Baltic"|SIA "CEVA Logistics Baltic"|Vesetas iela 7, Rīga, LV-1013|P. BRIEZA 15, 1010, Riga|Partial||
260916|260916|Alba-Zöchling|HU0000000000|HU10268526|discovered|HU|discovered|Valid|Pass|No|Alba-Zöchling Kft.|Alba-Zöchling Kft.|Holland fasor 9, 8000 Székesfehérvár|Holland Fasor 9, 8000, Székesfehérvár|Match||Web: VAT 10268526-4-07 confirmed. Uses GROUP VAT registration 17783398-5-11 (explains VIES 'No'). 155 vehicles, 50000m² warehouse. Active. ApiName/ApiAddress from web discovery
319704|McAndrPT|CMA CGM UK|GB802298146|GB802298146|original|GB|valid|Valid|Pass|Yes|MACANDREWS & CO LTD|MACANDREWS & CO LTD|6TH FLOOR, 75 KING WILLIAM STREET, LONDON, EC4N 7BE, GB|Princes Parade, L3 1BG, liverpool|Mismatch||
243478|243478|Fracht FWO Polska Sp. z o.o.|PL7542735115|PL7542735115|original|PL|valid|Valid|Pass|Yes|FRACHT FWO POLSKA SPÓŁKA Z OGRANICZONĄ ODPOWIEDZIALNOŚCIĄ|FRACHT FWO POLSKA SPÓŁKA Z OGRANICZONĄ ODPOWIEDZIALNOŚCIĄ|INFLANCKA 4A, 00-189 WARSZAWA|ul. Inflancka 4C, 00-189, Warszawa|Partial||
306324|269824|GEFCO PORTUGAL TRANSITÁRIOS LDA||PT502719176|discovered|PT|discovered|Valid|Pass|Yes|CEVA LOGISTICA EMPRESARIAL, LDA|CEVA LOGISTICA EMPRESARIAL, LDA|RUA DR ANTONIO LOUREIRO BORGES EDIFICIO N 1 ARQUIPARQUE PISO,  5 B 1, ALGÉS, 1495-131 ALGÉS|Rua Dr.ºAntónio Loureiro Borges, Edifício Arquiparque I, 1º Piso, 1499 -016, Miraflores|Partial||
231033|231033|GEFCO Magyarorszag Kft.||HU13632142|discovered|HU|discovered|Valid|Pass|Yes|CEVA GROUND LOGISTICS HUNGARY KORLÁTOLT FELELŐSSÉGŰ TÁRSASÁG|CEVA GROUND LOGISTICS HUNGARY KORLÁTOLT FELELŐSSÉGŰ TÁRSASÁG|IRINYI JOZSEF UTCA 4-20. 1117 BUDAPEST|Bocskai út 134-146, 1113, Budapest|Partial||
303710|303710|WEC Lines||NL007138015B01|discovered|NL|discovered|Valid|Fail|See suggestions|W.E.C. Lines B.V.|W.E.C. Lines B.V.|Albert Plesmanweg 59, 3088GB Rotterdam|Albert Plesmanweg 59, 3088 GB, Rotterdam|Match||Web: BTW NL007138015B01 confirmed. KvK 24159567. Also trades as Holland Maas Shipping/Container Line. ApiName/ApiAddress from web discovery
230849|230849|Waberer's Polska Sp. z o.o.|PL7772306116|PL7772306116|original|PL|valid|Valid|Pass|No||||Kijowska 1, 03-738, Warszawa|N/A||Web: Company DELETED from KRS (July 2018). Entity no longer active. NIP PL7772306116 deregistered
294768|294768|LOGİTRANS LOJISTİK VE TAŞIMACILIK ORG.LTD.ŞTİ|||original|TR|missing|||||||ORHANLI MAH. DERVIS CADDESI NO:24 FLOOR:1 OFFICE:4A-B, TUZLA-İSTANBUL, 34000, İSTANBUL|N/A||Web: Company confirmed at Orhanlı Mah., Derviş Cad. GAT Plaza No:24, 34956 Tuzla. Founded 1998. 500+ vehicles. 8 countries, 15 offices. Vergi numarası not found
242853|242853|A.M.P. Wieczorek Sp. z o.o.||PL8222212882|discovered|PL|discovered|Valid|Pass|Yes|A.M.P. WIECZOREK SPÓŁKA Z OGRANICZONĄ ODPOWIEDZIALNOŚCIĄ|A.M.P. WIECZOREK SPÓŁKA Z OGRANICZONĄ ODPOWIEDZIALNOŚCIĄ|CHOSZCZÓWKA DĘBSKA 8C, 05-311 DĘBE WIELKIE|Mazowiecka, 79, 05-311, Dębe Wielkie|Partial||
241368|241368|SPEDPARTNER||PL6621768189|discovered|PL|discovered|Valid|Pass|Yes|SPED PARTNER SPÓŁKA Z OGRANICZONĄ ODPOWIEDZIALNOŚCIĄ|SPED PARTNER SPÓŁKA Z OGRANICZONĄ ODPOWIEDZIALNOŚCIĄ|LESZCZE 15, 28-400 PIŃCZÓW|Leszcze 15, 28-400, PINCZOW|Match||
304435|309209|Bollore Logistics UK Ltd.|GB 432 3813 73|GB432381373|original|GB|valid|Valid|Pass|Yes|CEVA AIR & OCEAN UK LIMITED|CEVA AIR & OCEAN UK LIMITED|CEVA HOUSE, EXCELSIOR ROAD, ASHBY DE LA ZOUCH, LEICESTERSHIRE, LE65 9BA, GB|Unit 1 Skyline, Great South West Road, TW14 8NT, London Heathrow|Mismatch||
280887|280887|Stellar-Logistic|36591814|UA36591814|original|UA|non_eu|Invalid||||||48 Degtyarivs`ka Str., 4112, Kyiv|N/A||Non-EU country — no checksum/API support
308952|308952|ID LOGISTICS POLSKA S.A.|5252425204|PL5252425204|original|PL|valid|Valid|Pass|Yes|ID LOGISTICS POLSKA SPÓŁKA AKCYJNA|ID LOGISTICS POLSKA SPÓŁKA AKCYJNA|WALENTEGO ROŹDZIEŃSKIEGO 91, 40-203 KATOWICE|Al. Roździeńskiego 91, 40-203, Katowice|Match||
229071|229071|GONDRAND||FR91602002461|discovered|FR|discovered|Valid|Pass||SOC. FRANÇAISE TRANSPORTS GONDRAND FRÈRES SA|SOC. FRANÇAISE TRANSPORTS GONDRAND FRÈRES SA|11 Rue de Lubeck, 75016 Paris|13 RUE CURIE, BP 71339, 68013, COLMAR CEDEX|Mismatch||Web discovery: TVA FR91602002461 confirmed. SIREN 602002461. HQ in Paris, Colmar is regional branch. Revenue €199M. ApiName/ApiAddress from web discovery
247108|247108|Croome LTD|||original|GB|missing|||||||Cullet Drive, ME11 5JS, Queenborough, Kent|N/A||Web: Croome International Transport Limited (03088249). Registered: Greenacres, Pluckley Road, Charing, Ashford, TN27 0AG. Operating since 1972. No GB VAT number found in public sources
268421|268421|Yusen Logistics UK Ltd||GB593411144|discovered|GB|discovered|Valid|Pass|Yes|YUSEN LOGISTICS (UK) LIMITED|YUSEN LOGISTICS (UK) LIMITED|SDC, UNIT 4, ROMAN ROAD, MILTON MALSOR, NORTHAMPTON, NN7 2FR, GB|Grange Park 3, Cheaney Road, NN4 5FB, Northampton|Partial||
268784|228639|Codognotto Polska Sp. Z.o.o.|PL7251959614|PL7251959614|original|PL|valid|Valid|Pass|Yes|CODOGNOTTO POLSKA SPÓŁKA Z OGRANICZONĄ ODPOWIEDZIALNOŚCIĄ|CODOGNOTTO POLSKA SPÓŁKA Z OGRANICZONĄ ODPOWIEDZIALNOŚCIĄ|AL. TADEUSZA KOŚCIUSZKI 80/82 MP.VII, 90-437 ŁÓDŹ|Kościuszki 80/82, 90-437, Lodz|Match||
270644|270644|smet srl|IT00316190651|IT00316190651|original|IT|valid|Valid|Pass|Yes|SMET - S.P.A.|SMET - S.P.A.|VIA VELLETRI 49 , 00198 ROMA RM|via tiberio claudio felice 48, 84131, salerno|Mismatch||
258486|262215|DHL FREIGHT SPAIN SL||ESB83716563|discovered|ES|discovered|Valid|Pass|No|DHL FREIGHT SPAIN SL|DHL FREIGHT SPAIN SL|Calle Rumania 4, 28821 Coslada, Madrid|C/ Rumania, 4, Poligono Industrial de Coslada (PAL), 28221, Madrid|Match||Web: CIF B83716563 confirmed. Formerly 'Danzas Eurocargo Transport Iberia SL'. Founded 2006. ApiName/ApiAddress from web discovery
251083|251083|Okura Uluslararası Tasımacılık Iletisim Tic. ve San. A.Ş|6400108811|TR6400108811|original|TR|non_eu|Invalid||||||Talatpaşa Cad., Menekşe sokak no:15/1, 34590, Istanbul|N/A||Non-EU country — no checksum/API support
246337|246337|Friday Spółka z ograniczoną odpowiedzialnością  Spółka komandytowa|PL0000000000|PL5222993085|discovered|PL|discovered|Valid|Pass|Yes|FRIDAY SZCZYGIELSKI SPÓŁKA KOMANDYTOWA|FRIDAY SZCZYGIELSKI SPÓŁKA KOMANDYTOWA|RYŻOWA 33A, 02-495 WARSZAWA|ul. Ryżowa 33A, 02-495, Warszawa|Match||
306978|306978|PCC Intermodal|PL7491968481|PL7491968481|original|PL|valid|Valid|Pass|Yes|PCC INTERMODAL SPÓŁKA AKCYJNA|PCC INTERMODAL SPÓŁKA AKCYJNA|HUTNICZA 16, 81-061 GDYNIA|ul. Hutnicza 16, 81-061, Gdynia|Match||
286095|286095|Borchard Lines Ltd||GB243408284|discovered|GB|discovered|Valid|Pass|Yes|BORCHARD LINES LTD|BORCHARD LINES LTD|5TH FLOOR, BEVIS MARKS HOUSE, 24 BEVIS MARKS, LONDON, EC3A 7JB, GB|10 Chiswell Street, EC1Y4XY, London|Partial||
337986|279394|Transcurbel-2 S.A.|A58869470|ESA58869470|original|ES|valid|Valid|Pass|||||Ronda Guinardó, nº 52, 8025, Barcelona|N/A||
251488|251488|ARBA SP. Z O.O.|PL7611452717|PL7611452717|original|PL|valid|Valid|Pass|Yes|"ARBA" SPÓŁKA Z OGRANICZONĄ ODPOWIEDZIALNOŚCIĄ|"ARBA" SPÓŁKA Z OGRANICZONĄ ODPOWIEDZIALNOŚCIĄ|SIERAKOWO 55, 06-300 PRZASNYSZ|SIERAKOWO 55, 06-300, PRZASNYSZ|Match||
260906|260906|Marcotran Polska Sp. z o.o.|9691579265|PL9691579265|original|PL|valid|Valid|Pass|Yes|MARCOTRAN POLSKA SPÓŁKA Z OGRANICZONĄ ODPOWIEDZIALNOŚCIĄ|MARCOTRAN POLSKA SPÓŁKA Z OGRANICZONĄ ODPOWIEDZIALNOŚCIĄ|POZNAŃSKA 9, 44-120 PYSKOWICE|ul. Poznańska 9, 44-120, Pyskowice|Match||
243238|243238|F.lli Dissegna Srl|IT01838650248|IT01838650248|original|IT|valid|Valid|Pass|Yes|F.LLI DISSEGNA S.R.L.|F.LLI DISSEGNA S.R.L.|VIA CA VICO 29 , 36028 ROSSANO VENETO VI|Via Ca' Vico 29, 36028, Rossano Veneto VI|Match||
266476|266476|GEFCO Ukraine|UA358940826599|UA358940826599|original|UA|non_eu|Invalid||||||110, Zhylyanska, 1032, Kyiv|N/A||Non-EU country — no checksum/API support
240088|263570|Luis Simoes Logistica Integrada,s.a.||ESA79502357|discovered|ES|discovered|Valid|Pass|||||Parque Empresarial San Fernando, Av. de Castilla, 28830, San Fernando de Henares, Madrid|N/A||
337193|241668|DHL Global Forwarding  Hellas S.A.|||original|GR|missing|||||||41, Agiou Dimitriou str., 18546, Pireaus|N/A||Web: Company confirmed at 41 Agiou Dimitriou Street, 185 46 Piraeus. Greek ΑΦΜ not found. DHL Express (Ellas) has EL094450902 but is different entity. May need AADE registry check
273352|273352|Scantek LTD Sp. z o. o.|PL1080005217|PL1080005217|original|PL|valid|Valid|Pass|Yes|'SCANTEK LTD' SPÓŁKA Z OGRANICZONĄ ODPOWIEDZIALNOŚCIĄ|'SCANTEK LTD' SPÓŁKA Z OGRANICZONĄ ODPOWIEDZIALNOŚCIĄ|ŁACIARSKA 28, 50-146 WROCŁAW|Braniborska 38/40, 53-680, Wrocław|Partial||
261289|261289|Charter Sp. z .o.o.|812-17-66-337|PL8121766337|original|PL|valid|Valid|Pass|Yes|'CHARTER' SPÓŁKA Z OGRANICZONĄ ODPOWIEDZIALNOŚCIĄ|'CHARTER' SPÓŁKA Z OGRANICZONĄ ODPOWIEDZIALNOŚCIĄ|GUZOWSKA 35, 96-315 WISKITKI|Urszulin 8, 05-825, Grodzisk Mazowiecki|Mismatch||
258750|258750|MGT Transport Krajowy i Międzynarodowy Grycz Mariusz|7621904664|PL7621904664|original|PL|valid|Valid|Pass|Yes|MARIUSZ GRYCZ|MARIUSZ GRYCZ|WYSZKÓW , MONTE CASSINO 3, 07-200|Monte Cassino 3, 07-200, Wyszków|Match||
258627|258627|Europejskie Centrum Logistyczne Sp. z o.o.||PL5170355762|discovered|PL|discovered|Valid|Pass|Yes|'EUROPEJSKIE CENTRUM LOGISTYCZNE' SPÓŁKA Z OGRANICZONĄ ODPOWIEDZIALNOŚCIĄ|'EUROPEJSKIE CENTRUM LOGISTYCZNE' SPÓŁKA Z OGRANICZONĄ ODPOWIEDZIALNOŚCIĄ|PRZEMYSŁOWA 13 B, 35-105 RZESZÓW|Ul. Przemysłowa 13B, 35-105, Rzeszów|Match||
258650|227422|NORBERT DENTRESSANGLE LOGISTICS POLAND||PL9820243290|discovered|PL|discovered|Valid|Pass|Yes|GXO LOGISTICS POLAND SPÓŁKA Z OGRANICZONĄ ODPOWIEDZIALNOŚCIĄ|GXO LOGISTICS POLAND SPÓŁKA Z OGRANICZONĄ ODPOWIEDZIALNOŚCIĄ|MARCINA FLISA 4, 02-247 WARSZAWA|SZYSZKOWA 35/37, 02-285, WARSZAWA|Partial||
258985|258985|NTG Road Sp.zo.o.|5272674838|PL5272674838|original|PL|valid|Valid|Pass|Yes|NTG ROAD SPÓŁKA Z OGRANICZONĄ ODPOWIEDZIALNOŚCIĄ|NTG ROAD SPÓŁKA Z OGRANICZONĄ ODPOWIEDZIALNOŚCIĄ|MEBLOWA 7, 04-460 WARSZAWA|Chełmżyńska 180, NTG Marki, Katowice, Gdynia, Goleniow, 04-464, Warszawa|Partial||
300245|300245|LOCKWOOD HAULAGE LTD.||GB117334490|discovered|GB|discovered|Valid|Pass|Yes|LOCKWOOD HAULAGE LTD|LOCKWOOD HAULAGE LTD|RIPLEY ROAD, SAWMILLS, AMBERGATE, DERBY, DE56 2JR, GB|RIPLEY ROAD, DE56 2JR, AMBERGATE|Match||
262830|262830|LOTOS BALTICA|LT0000000000|LT100002817211|discovered|LT|discovered|Valid|Pass|Yes|UAB "LOTOS BALTICA"|UAB "LOTOS BALTICA"|Pramonės g. 2, Šalčininkų m., Šalčininkų sen., Šalčininkų r. sav.|Pramones str. 2, 17102, Sacininkai|Match||
339552|237202|GEFCO (Suisse) SA||CHE105880361MWST|discovered|CH|discovered|Invalid||||||6 Route des Jeunes, Case postale 1767, 1211, GENEVE|N/A||
262730|262730|The Overland Transport & Trading Co Ltd|UK0000000000|GB128303003|discovered|GB|discovered|Valid|Pass|Yes|THE OVERLAND TRANSPORT & TRADING CO LTD|THE OVERLAND TRANSPORT & TRADING CO LTD|L&#x27;ANCRESSE LODGE, WATERSIDE, BILLINGHAY, LINCOLN, LN4 4BU, GB|High Street, Billinghay, LN4 4BU, Lincoln|Partial||
272106|272106|AEROTRANS PIOTR CYRSON||PL5311413267|discovered|PL|discovered|Valid|Pass|Yes|PIOTR CYRSON|PIOTR CYRSON|NOWY DWÓR MAZOWIECKI , WRZOSOWA 12, 05-101 NOWY DWÓR MAZOWIECKI 3|WRZOSOWA 12, 5101, NOWY DWÓR MAZOWIECKI|Match||
283525|231183|C.H.ROBINSON PL-Warsaw 2|NL|NL|original|PL|valid|Invalid||||||Aleja Jana Pawła II 29, 00-867, Warszawa|N/A||
230638|230638|Simple Way Sp z o.o sp.k||PL5951455352|discovered|PL|discovered|Valid|Pass|Yes|SIMPLE WAY SPÓŁKA Z OGRANICZONĄ ODPOWIEDZIALNOŚCIĄ SPÓŁKA KOMANDYTOWA|SIMPLE WAY SPÓŁKA Z OGRANICZONĄ ODPOWIEDZIALNOŚCIĄ SPÓŁKA KOMANDYTOWA|WIGURY 20, 64-400 MIĘDZYCHÓD|Wigury 20, 64-400, Miedzychod|Match||
260208|260208|TRANSINTERTOP LTD|HU11475165|HU11475165|original|HU|valid|Valid|Pass|No|TRANSINTERTOP Kft.|TRANSINTERTOP Kft.|Tópart utca 1, 2851 Környe|TOPART 1, 2851, KÖRNYE|Match||Web: Uses group VAT 17783398 (member VAT HU11475165). 312 employees, revenue ~€31.5M. Active company. VIES 'No' likely due to group registration. ApiName/ApiAddress from web discovery
334308|242108|XPO LOGISTICS_ Transport Solution FTL PACKED France||FR37386220123|discovered|FR|discovered|Valid|Pass|||||1208, ROUTE DES PIERRELLES - BP 93 - BEAUSEMBLANT, 26240, BEAUSEMBLANT|N/A||
272915|272915|Hart Logistics sp. z o. o. sp. k.|7792413387|PL7792413387|original|PL|valid|Valid|Pass|Yes|HART LOGISTICS SPÓŁKA Z OGRANICZONĄ ODPOWIEDZIALNOŚCIĄ SPÓŁKA KOMANDYTOWA|HART LOGISTICS SPÓŁKA Z OGRANICZONĄ ODPOWIEDZIALNOŚCIĄ SPÓŁKA KOMANDYTOWA|ŚWIERZAWSKA 10, 60-321 POZNAŃ|Świerzawska 10, 60-321, Poznań|Match||
244904|244904|GEFCO France||FR83542050315|discovered|FR|discovered|Valid|Pass|||||Rue des Lilas d Espagne, 92402, Courbevoie Cedex|N/A||Web: FR83542050315 = main GEFCO entity. GEFCO fully integrated into CEVA Logistics Jan 2023. Same VAT used by GEFCO (NULL/288321) and shared across entities
262232|262232|Geis PL Sp. z o.o.||PL5261025183|discovered|PL|discovered|Valid|Pass|Yes|GEIS PL SPÓŁKA Z OGRANICZONĄ ODPOWIEDZIALNOŚCIĄ|GEIS PL SPÓŁKA Z OGRANICZONĄ ODPOWIEDZIALNOŚCIĄ|SOSNOWIEC-PIEŃKI 7, 95-010 SOSNOWIEC-PIEŃKI|Pieńki 7, 95-010, Stryków|Match||
368458|351923|Locotranssped Sp. Z O.O.|7831682017|PL7831682017|original|PL|valid|Valid|Pass|Yes|LOCOTRANSSPED SPÓŁKA Z OGRANICZONĄ ODPOWIEDZIALNOŚCIĄ W UPADŁOŚCI|LOCOTRANSSPED SPÓŁKA Z OGRANICZONĄ ODPOWIEDZIALNOŚCIĄ W UPADŁOŚCI|BÓŻNICZA 15 M6, 61-751 POZNAŃ|Ul.Arcybiskupa A. Baraniaka 88c Bud.B, 61-131, Poznan|Partial||
265297|265297|Express Logistic Sp.z o.o.|PL1231277587|PL1231277587|original|PL|valid|Valid|Pass|Yes|EXPRESS LOGISTIC SPÓŁKA Z OGRANICZONĄ ODPOWIEDZIALNOŚCIĄ|EXPRESS LOGISTIC SPÓŁKA Z OGRANICZONĄ ODPOWIEDZIALNOŚCIĄ|EUGENIUSZA ROMERA 10 MB4, 02-784 WARSZAWA|Dunikowskiego 24, 5501, Piaseczno|Mismatch||
273747|273747|Aro-Trans Rafał Bartosz Kosztowny Spedycja i Produkcja Mebli||PL9532383064|discovered|PL|discovered|Valid|Pass|Yes|RAFAŁ KOSZTOWNY|RAFAŁ KOSZTOWNY|ALEJA JERZEGO WASZYNGTONA 41 M63, 04-015 WARSZAWA|Ogrody 29/32, 85-870, Bydgoszcz|Mismatch||
269078|269078|C&T, a.s.|2022259723|SK2022259723|original|SK|valid|Valid|Pass|Yes|C&T, a.s.|C&T, a.s.|Hurbanova 5777/14, 97401 Banská Bystrica, Slovensko|Partizanska cesta 2733/97, 97401, Banska Bystrica|Partial||
292757|292757|KLog Logística SA|PT0000000000|PT510338879|discovered|PT|discovered|Valid|Pass|Yes|K-LOG, LOGISTICA, S.A.|K-LOG, LOGISTICA, S.A.|RUA DO PINHAL 250, MAIA, 4470-640 MAIA|Rua de Castelões Centro, 260 - Fajozes, 4485-065, Vila do Conde|Mismatch||
236276|236276|FIRMA TRANSPORTOWO-HANDLOWA EDWARD OSICA|PL8221005023|PL8221005023|original|PL|valid|Valid|Pass|Yes|EDWARD OSICA|EDWARD OSICA|ZACHODNIA 34, 05-300 MIŃSK MAZOWIECKI|ZACHODNIA 34, 05-300, MIŃSK MAZOWIECKI|Match||
234132|234132|CMA CGM Polska Sp. z o.o.|GB802298146|GB802298146|original|PL|valid|Valid|Pass|Yes|MACANDREWS & CO LTD|MACANDREWS & CO LTD|6TH FLOOR, 75 KING WILLIAM STREET, LONDON, EC4N 7BE, GB|Polska 13 A, 81-339, Gdynia|Mismatch||
276509|276509|Sokołów-Logistyka|PL0000000000|PL8231060414|discovered|PL|discovered|Valid|Pass|Yes|'SOKOŁÓW-LOGISTYKA' SPÓŁKA Z OGRANICZONĄ ODPOWIEDZIALNOŚCIĄ|'SOKOŁÓW-LOGISTYKA' SPÓŁKA Z OGRANICZONĄ ODPOWIEDZIALNOŚCIĄ|ALEJA 550-LECIA 2, 08-300 SOKOŁÓW PODLASKI|Aleja 550-lecia 2, 08-300, Sokołów Podlaski|Match||
275463|275463|NOSTA Logistik Sp. z.o.o.|5981632563|PL5981632563|original|PL|valid|Valid|Pass|Yes|NOSTA LOGISTIK SPÓŁKA Z OGRANICZONĄ ODPOWIEDZIALNOŚCIĄ|NOSTA LOGISTIK SPÓŁKA Z OGRANICZONĄ ODPOWIEDZIALNOŚCIĄ|AL. NIEPODLEGŁOŚCI 781, 81-805 SOPOT|Hynka 32, 80-465, Gdańsk|Mismatch||
500975|PandOHU|P&O Ferrymasters Ltd.|NL809172811B01|NL809172811B01|original|NL|valid|Valid|Fail|See suggestions|P & O Ferrymasters|P & O Ferrymasters|Luxemburgweg 2, 3198 LG Europoort Rotterdam|PO Box 1036, 3180 AA, Rozenburg|Match||Web: BTW NL809172811B01 confirmed. KvK 24310558. Now operating under DP World brand. ApiName/ApiAddress from web discovery
264024|264024|Orange Logistics Sp. z o.o.|PL6342773808|PL6342773808|original|PL|valid|Valid|Pass|No||||Roździeńskiego 205, 40-203, Katowice|N/A||Web: Primary business is motor vehicle sales (not transport). Revenue only €219K (2024). Net loss €-138K. May no longer be transport-focused. Address: ul. 11 Listopada 11, Katowice
287378|287378|Rosteka UAB|LT100004761617|LT100004761617|original|LT|valid|Valid|Pass|Yes|UAB "ROSTEKA"|UAB "ROSTEKA"|Darbo g. 9, Kauno m., Kauno m. sav.|Darbo str 9, 52102, Kaunas|Match||
335085|291662|Ekol Spain||ESB66160052|discovered|ES|discovered|Valid|Pass|||||Pol. Ind. Modula – Coslada II Avda de la Cañada, 62 Nave 1 Modulo, 28820, Madrid|N/A||
293151|280653|PORTMANN LOGISTICS POLSKA SP. Z.O.O|PL 7811775773|PL7811775773|original|PL|valid|Valid|Pass|Yes|PORTMANN LOGISTIC POLSKA SPÓŁKA Z OGRANICZONĄ ODPOWIEDZIALNOŚCIĄ|PORTMANN LOGISTIC POLSKA SPÓŁKA Z OGRANICZONĄ ODPOWIEDZIALNOŚCIĄ|JASNA 14/16A, 00-041 WARSZAWA|DERENIOWA 2 LOK 7, 02-776, WARSZAWA|Partial||
257579|257579|Rail Cargo Logistics - Poland Sp. z o.o.||PL6292204786|discovered|PL|discovered|Valid|Pass|Yes|RAIL CARGO LOGISTICS-POLAND SPÓŁKA Z OGRANICZONĄ ODPOWIEDZIALNOŚCIĄ|RAIL CARGO LOGISTICS-POLAND SPÓŁKA Z OGRANICZONĄ ODPOWIEDZIALNOŚCIĄ|BITWY WARSZAWSKIEJ 1920 R. 7, 02-366 WARSZAWA|Wąwozowa 11, 02-796, Warszawa|Partial||
260701|260701|VGL Road Sp. z o.o.||PL5862253658|discovered|PL|discovered|Valid|Pass|No|Ligentia Poland Sp. z o.o.|Ligentia Poland Sp. z o.o.|Al. Zwycięstwa 237/7, 81-521 Gdynia|Al. Zwycięstwa 237/7, 81-521, Gdynia|Match||Web: Company rebranded to Ligentia Poland (formerly VGL Group/Vector Global Logistics). NIP confirmed. KRS 0000417172. Active. ApiName/ApiAddress from web discovery
227584|227584|GEFCO Deutschland GmbH|DE811122082|DE811122082|original|DE|valid|Valid|Pass|Yes|N/A|N/A|N/A|Industriestr. 80, 42327, Wuppertal|N/A||
254299|254299|GEFCO Deutschland GmbH|DE811122082|DE811122082|original|DE|valid|Valid|Pass|Yes|N/A|N/A|N/A|Märkische Allee 65, 14979, Großbeeren|N/A||
281136|281136|BRAXSTONE KRAWCZYK, RENE SP. JAWNA|PL1182095709|PL1182095709|original|PL|valid|Valid|Pass|No||||KOLEJOWA 204A, KIEŁPIN, 05-092, ŁOMIANKI|N/A||Web: All BRAXSTONE entities DELISTED from KRS. Original S.J. (KRS 0000489069) deleted 2016. Sp.k. (KRS 0000607542) also deleted. Company no longer active
272701|272701|F.H.P. MAG-MAR ALICJA MATUSIK|PL8240000989|PL8240000989|original|PL|valid|Valid|Pass|No||||ALEJA SOLIDARNOŚCI 3, 07-100, WĘGRÓW|N/A||Web: No additional data found. Sole proprietorship (CEIDG). VIES 'No' may indicate deregistration from VAT
332116|332116|Antrans Bis Ireneusz Pacia Sp. k.|6372190299|PL6372190299|original|PL|valid|Valid|Pass|Yes|"ANTRANS BIS" IRENEUSZ PACIA SPÓŁKA KOMANDYTOWA|"ANTRANS BIS" IRENEUSZ PACIA SPÓŁKA KOMANDYTOWA|WSPÓLNA 1C, 32-300 OLKUSZ|Wspólna 1c, 32-300, Olkusz|Match||
261803|261803|DEVEGA SRL|RO26244980|RO26244980|original|RO|valid|Valid|Pass|Yes|DEVEGA SRL|DEVEGA SRL|MUN. ORADEA 410151 STR. BERZEI Nr. 4|4, BERZEI, 410151, ORADEA|Match||
227422|227422|ND Polska Sp. z o.o.|PL725-00-13-591|PL7250013591|original|PL|valid|Valid|Pass|Yes|XPO TRANSPORT SOLUTIONS POLAND SPÓŁKA Z OGRANICZONĄ ODPOWIEDZIALNOŚCIĄ|XPO TRANSPORT SOLUTIONS POLAND SPÓŁKA Z OGRANICZONĄ ODPOWIEDZIALNOŚCIĄ|CHEMICZNA 5, 65-713 ZIELONA GÓRA|Wólczańska 53, 90-608, Łódź|Mismatch||
321388|321388|Frigo-trans|8252102129   8250004747|82521021298250004747|original|PL|wrong_format|Invalid||||||Miedzyrzecka186, 21-400, Łuków|N/A||Web: Two concatenated NIPs in original. Address matches 'Frigo-Express Logistic Sp. z o.o.' (NIP 8252181465) at Międzyrzecka 186, Łuków. No 'Frigo-trans' found at this address. Separate Frigo-Trans in Tłuściec (NIP 5372631627). Needs manual verification
334679|293623|Ekol Logistics Sp. z o.o.|972-125-38-94|PL9721253894|original|PL|valid|Valid|Pass|Yes|DFDS LOGISTICS SERVICES SPÓŁKA Z OGRANICZONĄ ODPOWIEDZIALNOŚCIĄ|DFDS LOGISTICS SERVICES SPÓŁKA Z OGRANICZONĄ ODPOWIEDZIALNOŚCIĄ|SKŁADOWA 4, 62-023 KONINKO|Inwestycyjna 8, 41-208, Sosnowiec|Mismatch||
286782|286782|Speedbergx Sp. z o.o. Spółka komandytowa|7732475775|PL7732475775|original|PL|valid|Valid|Pass|No||||P.O.W. 17/216, 97-200, Tomaszów Mazowiecki|N/A||Web: Company in RESTRUCTURING. NIP PL7732475775 confirmed. KRS 0000542061
284914|284914|ATL EUROPE s.r.o.|CZ25925865|CZ25925865|original|CZ|valid|Valid|Pass|Yes|ATL EUROPE s.r.o.|ATL EUROPE s.r.o.|Pražská třída 320/8, KUKLENY, 500 04  HRADEC KRÁLOVÉ 4|Hořická 283/22, 500 02, Hradec Králové|Partial||
287492|287492|BOMAR SP. Z O.O.|PL5342491222|PL5342491222|original|PL|valid|Valid|Pass|Yes|BOMAR SPÓŁKA Z OGRANICZONĄ ODPOWIEDZIALNOŚCIĄ|BOMAR SPÓŁKA Z OGRANICZONĄ ODPOWIEDZIALNOŚCIĄ|SIEDLIN , WINCENTEGO WITOSA 19, 09-100 PŁOŃSK|UL.WINCENTEGO WITOSA 19, SIEDLIN, 09-100, PŁOŃSK|Match||
320606|241666|DHL Global Forwarding||RO31169876|discovered|RO|discovered|Valid|Pass|No||||Costache Negri, 50552, Bucuresti|N/A||Web: CUI 31169876 is a branch office (Punct de Lucru) of DHL Logistics SRL, NOT a VAT payer. Main entity DHL Logistics SRL has CUI 10864098. Wrong entity discovered
374769|374769|BARSAN Global Logistics||PL6792888463|discovered|PL|discovered|Valid|Pass|Yes|BARSAN GLOBAL LOGISTICS POLSKA SPÓŁKA Z OGRANICZONĄ ODPOWIEDZIALNOŚCIĄ|BARSAN GLOBAL LOGISTICS POLSKA SPÓŁKA Z OGRANICZONĄ ODPOWIEDZIALNOŚCIĄ|WARSZAWSKA 40 M2A, 40-008 KATOWICE|Wita Stwosza 7/427, 40-040, Katowice|Partial||
281425|281425|Grupa Transportowa Sp. z o.o.||PL7712852200|discovered|PL|discovered|Valid|Pass|Yes|"GRUPA TRANSPORTOWA" SPÓŁKA Z OGRANICZONĄ ODPOWIEDZIALNOŚCIĄ|"GRUPA TRANSPORTOWA" SPÓŁKA Z OGRANICZONĄ ODPOWIEDZIALNOŚCIĄ|ŁÓDZKA 30AB, 97-300 PIOTRKÓW TRYBUNALSKI|Łódzka 30 ab, 97-300, Piotrków Trybunalski|Match||
325764|272532|DHL GLOBAL FORWARDING TASIMACILIK A.S.|TR0000000000|TR2950430412|discovered|TR|discovered|Invalid||||||KIBRIS SEHITLERI CAD., no 135/5, 35221, IZMIR|N/A||
323836|270376|Uniserve Ltd||GB927553502|discovered|GB|discovered|Valid|Pass|Yes|GB GLOBAL MANAGEMENT LIMITED|GB GLOBAL MANAGEMENT LIMITED|UNISERVE GROUP, LONDON MEGA TERMINAL, THURROCK PARK WAY, TILBURY, RM18 7HD, GB|Thurrock Park Way, RM187HD, Tilbury|Match||
321472|243850|BEI-TRANS POLSKA Sp. z.o.o|5252549320|PL5252549320|original|PL|valid|Valid|Pass|Yes|BEI - TRANS POLSKA SPÓŁKA Z OGRANICZONĄ ODPOWIEDZIALNOŚCIĄ|BEI - TRANS POLSKA SPÓŁKA Z OGRANICZONĄ ODPOWIEDZIALNOŚCIĄ|ALEJA "SOLIDARNOŚCI" 117 M207, 00-140 WARSZAWA|ul.Aleja Solidanosci 117 nr loc207, 00-140, Warszawa|Match||
298847|298847|Range-Trans OU|EE202200221063094214|EE202200221063094214|original|EE|wrong_format|Invalid||||||Mustamae tee 5-703, Harju maakond, 10616, Tallinn|N/A||Web: EE202200221063094214 is NOT a valid Estonian VAT format (should be EE + 9 digits). Likely IBAN or registration number. Company exists in Tallinn (founded 2013). Correct VAT not found
302185|302185|Cargo Line/ГК Карго Лайн||BY390170432|discovered|BY|discovered|Invalid||||||Витебский р-н, М-8, 89-й км, 1А, 211319, Vitebskaya oblast/Витебская область|N/A||
262215|262215|DHL FREIGHT SPAIN, S.L||ESB83716563|discovered|ES|discovered|Valid|Pass|No|DHL FREIGHT SPAIN SL|DHL FREIGHT SPAIN SL|Calle Rumania 4, 28821 Coslada, Madrid|AVDA. DE ESPIOCA, 64, 46460, VALENCIA|Mismatch||Web: CIF B83716563 confirmed. Same entity as 258486. HQ is Coslada; Valencia is branch. ApiName/ApiAddress from web discovery
260692|260692|JASTIM Sp z o.o.|5262499368|PL5262499368|original|PL|valid|Valid|Pass|Yes|"JASTIM" SPÓŁKA Z OGRANICZONĄ ODPOWIEDZIALNOŚCIĄ|"JASTIM" SPÓŁKA Z OGRANICZONĄ ODPOWIEDZIALNOŚCIĄ|ALEJE JEROZOLIMSKIE 144, 02-305 WARSZAWA|Al. Jerozlimskie 144, 02-305, Warszawa|Match||
296223|296223|AKTRANS TASIMACILIK TİC.SAN.LTD.STİ|420165084|TR420165084|original|TR|non_eu|Invalid||||||ATATÜRK CAD.SIDALI İŞHANI  KAT:3/9, 33070, mersin|N/A||Non-EU country — no checksum/API support
288977|288977|BFI SP. Z O.O. SP.K.|5862323399|PL5862323399|original|PL|valid|Valid|Pass|Yes|BFI SPÓŁKA Z OGRANICZONĄ ODPOWIEDZIALNOŚCIĄ|BFI SPÓŁKA Z OGRANICZONĄ ODPOWIEDZIALNOŚCIĄ|AL. ZWYCIĘSTWA 173, 81-521 GDYNIA|Aleja Zwycięstwa 173, 81-521, Gdynia|Match||
313765|313765|Arsenal Logistic Sp. z o.o.|||original|PL|missing|||||||Alley Jerozolimskie 85, 02-001, Warsaw|N/A||Web: Same address as GT-Trans Faktoring (374048, suspended). GT-Trans Faktoring website is arsenal-logistic.net. Possibly related entities. Arsenal Polska Sp. z o.o. found at different address (NIP 5252597230). Needs manual verification
300152|300152|FERTRANS SPAGNA SL||ESB65925687|discovered|ES|discovered|Valid|Pass|||||Av. Ports D'Europa, 100, 8040, Barcelona|N/A||
230460|230460|ECS European Containers NV|BE0435131508|BE0435131508|original|BE|valid|Valid|Pass|Yes|NV ECS EUROPEAN CONTAINERS|NV ECS EUROPEAN CONTAINERS|Baron de Maerelaan 155, 8380 Brugge|Karveelstraat 3, 8380, Zeebrugge|Partial||
251427|McAndrPT|MacAndrews & Co Ltd|GB802298146|GB802298146|original|GB|valid|Valid|Pass|Yes|MACANDREWS & CO LTD|MACANDREWS & CO LTD|6TH FLOOR, 75 KING WILLIAM STREET, LONDON, EC4N 7BE, GB|12 Princes Parade, Princes Dock, L3 1BG, Liverpool|Mismatch||
318021|343065|BARSAN GLOBAL LOGISTIC KFT||HU25781841|discovered|HU|discovered|Valid|Pass|Yes|BARSAN GLOBAL LOGISTIC KORLÁTOLT FELELŐSSÉGŰ TÁRSASÁG|BARSAN GLOBAL LOGISTIC KORLÁTOLT FELELŐSSÉGŰ TÁRSASÁG|HONVED UTCA 8 1 2 1054 BUDAPEST|ARADI VERTANUK UTJA 13 FST 5, 9021, GYOR|Mismatch||
282622|282622|TBX SP. Z O.O.||PL1182096488|discovered|PL|discovered|Valid|Pass|Yes|TBX SPÓŁKA Z OGRANICZONĄ ODPOWIEDZIALNOŚCIĄ|TBX SPÓŁKA Z OGRANICZONĄ ODPOWIEDZIALNOŚCIĄ|SZYSZKOWA 35/37, 02-285 WARSZAWA|Szyszkowa 35/37, 02-285, Warszawa|Match||
280700|280700|NAPOLITRANS SRL||IT04775450655|discovered|IT|discovered|Valid|Pass|Yes|NAPOLITRANS - SOCIETA' A RESPONSABILITA' LIMITATA|NAPOLITRANS - SOCIETA' A RESPONSABILITA' LIMITATA|VIA PEZZAGRANDE SNC , 84025 EBOLI SA|Loc. Pezzagrande, 84025, EBOLI|Match||
290599|290599|ZAMMLER Polska Sp. z o.o.|PL 5252582464|PL5252582464|original|PL|valid|Valid|Pass|Yes|ZAMMLER POLSKA SPÓŁKA Z OGRANICZONĄ ODPOWIEDZIALNOŚCIĄ|ZAMMLER POLSKA SPÓŁKA Z OGRANICZONĄ ODPOWIEDZIALNOŚCIĄ|3 MAJA 8, 05-800 PRUSZKÓW|3 Maja Nr. 8, Millenium Logistic Park, building C7, 05-800, PRUSZKOW|Match||
305312|351041|DHL FREIGHT||FR38488985771|discovered|FR|discovered|Valid|Pass|||||28 rue Eugène Hénaff, 69200, Vénissieux|N/A||
236381|236381|P.U.T.H. TRANS-POL SP.JAWNA S. KLASZTORNY, Z.DĄBROWSKI||PL8360007706|discovered|PL|discovered|Valid|Pass|Yes|PRZEDSIĘBIORSTWO USŁUGOWE TRANSPORTOWO HANDLOWE TRANS-POL SPÓŁKA JAWNA S. KLASZTORNY, Z. DĄBROWSKI|PRZEDSIĘBIORSTWO USŁUGOWE TRANSPORTOWO HANDLOWE TRANS-POL SPÓŁKA JAWNA S. KLASZTORNY, Z. DĄBROWSKI|JANA KOZIETULSKIEGO 4A, 96-100 SKIERNIEWICE|ul. Kozietulskiego 4a, 96-100, Skierniewice|Match||
286632|286632|FM LOGISTIC IBERICA, S.L.||ESB31506025|discovered|ES|discovered|Valid|Pass|||||C/ BERRIOBIDE, 34, 31013, ANSOAIN|N/A||
327392|327392|Linktis sp. z o.o.|PL9512373803|PL9512373803|original|PL|valid|Valid|Pass|Yes|LINKTIS SPÓŁKA Z OGRANICZONĄ ODPOWIEDZIALNOŚCIĄ|LINKTIS SPÓŁKA Z OGRANICZONĄ ODPOWIEDZIALNOŚCIĄ|CZERNIAKOWSKA 87A, 00-718 WARSZAWA|Stępińska 22/30, 00-739, warszawa|Partial||
308710|308710|VIRADO TRANSPORT LTD|||original|GB|missing|||||||Lankaster Approach, North Killingholme Industrial Estate, DN40 3JZ, Immingham|N/A||Web: Company no. 09718054. Company reportedly does NOT pay VAT. No VAT registration found
328811|364586|MAERSK LINE||DK53139655|discovered|DK|discovered|Valid|Pass|Yes|Maersk VAT Group|Maersk VAT Group|Esplanaden 50, 1263 København K|Esplanaden 50, DK1263, Copenhagen|Match||
334648|334648|BATUINTERNATİONAL LOJİSTİK İÇ VE DIŞ TİCARET ANONİM ŞİRKETİ|150 057 6603 – Atışalanı VD|1500576603–AtışalanıVD|original|TR|wrong_format|Invalid||||||Oruçreis Mh. Tekstilkent Cd., No:12/A İç Kapı No: 022-023 Atışalanı/Esenler, 34235, İstanbul|N/A||Web: Company confirmed as Batu International Lojistik A.Ş. at same address. Founded 2002. Original VAT field contains 'Atışalanı VD' (tax office name), not just number. Vergi numarası not found publicly
312643|312643|Overis Sp.z,o.o.||PL8252176323|discovered|PL|discovered|Valid|Pass|Yes|OVERIS SPÓŁKA Z OGRANICZONĄ ODPOWIEDZIALNOŚCIĄ|OVERIS SPÓŁKA Z OGRANICZONĄ ODPOWIEDZIALNOŚCIĄ|ŁAPIGUZ 91, 21-400 ŁUKÓW|Łapiguz 91, 21-400, Łuków|Match||
311846|311846|YILMAZ ULUSLARARASI NAKLİYAT İTH. İHR. SAN. VE TİC. LTD. ŞTİ|||original|TR|missing|||||||İstiklal Cad., 5204 sok, 33060, Mersin|N/A||Web: Company confirmed at Camişerif Mh., İstiklal Cad. 5204 Sok., Mersin. Founded 1994. UND member. Vergi numarası not found publicly
313261|313261|ALCOR LOGISTICS Sp. z o.o.|PL5291820117|PL5291820117|original|PL|valid|Valid|Pass|Yes|ALCOR LOGISTICS SPÓŁKA Z OGRANICZONĄ ODPOWIEDZIALNOŚCIĄ|ALCOR LOGISTICS SPÓŁKA Z OGRANICZONĄ ODPOWIEDZIALNOŚCIĄ|T. BAIRDA 36 M60, 05-825 GRODZISK MAZOWIECKI|T. Bairda 36/60, 36/60, 05-825, Grodzisk Mazowiecki|Match||
343126|343126|EVEROAD||FR55819871724|discovered|FR|discovered|Valid|Pass|||||24 rue Petrelle, 75002, Paris|N/A||Web: Acquired by sennder (June 2020). Now operates as sennder France since Feb 2021. EVEROAD brand discontinued
348059|348059|SARP INTERMODAL|||original|TR|missing|||||||DEREBOYU NO 56, TURKOBA MAH.KAYALAR CAD. NO.10/1, 34356, ISTANBUL|N/A||Web: Company confirmed as SARP INTERMODAL HIZMETLERI A.Ş. at Türkoba Mah., Kayalar Cad. No:10/1, Büyükçekmece. 218+ bills of lading. 3x Atlas Logistics Awards winner. Vergi numarası not found
346723|286269|EXPEDITORS INTERNATIONAL UK LTD||GB417141383|discovered|GB|discovered|Valid|Pass|Yes|EXPEDITORS INTERNATIONAL|EXPEDITORS INTERNATIONAL|1 ASCOT ROAD, BEDFONT, MIDDLESEX, TW14 8QH, GB|UNIT 4, SHINE KNOWLEDGE PARK, HU8 7FB, HULL|Mismatch||
305812|305812|GEFCO Greece|||original|GR|missing|||||||Lampsakou 2, 11528, Athens|N/A||Web: GEFCO Greece subsidiary opened Nov 2017. GEFCO fully integrated into CEVA Logistics Jan 2023. Greek ΑΦΜ not found in public sources. May need to check GEMI registry
351096|351016|H.Essers & Zonen Internationaal Transport NV (Pharma)|BE 0401 296 720|BE0401296720|original|BE|valid|Valid|Pass|Yes|NV HENRI ESSERS EN ZONEN INTERNATIONAAL TRANSPORT|NV HENRI ESSERS EN ZONEN INTERNATIONAAL TRANSPORT|Transportlaan 4, 3600 Genk|Transportlaan 4, 3600, Genk|Match||
352386|352386|Hopi PL sp z o.o.|5272681413|PL5272681413|original|PL|valid|Valid|Pass|Yes|HOPI PL POLAND SPÓŁKA Z OGRANICZONĄ ODPOWIEDZIALNOŚCIĄ|HOPI PL POLAND SPÓŁKA Z OGRANICZONĄ ODPOWIEDZIALNOŚCIĄ|MARCINA KASPRZAKA 29A M917, 01-234 WARSZAWA|Przyokopowa 33, 01-208, Warszawa|Partial||
354554|354554|ATOM ULUSLARARASI NAKLİYAT VE LOJİSTİK HİZMETLERİ TİC.A.S.||TR1030553378|discovered|TR|discovered|Invalid||||||1476/1 SOKAK KATİPOGLU İS MERKEZİ NO:2 K:2 D:2 ALSANCAK, 35220, İZMİR|N/A||
362880|362880|F.H.U Łuczkowski||PL7352728017|discovered|PL|discovered|Valid|Pass|Yes|MARCIN ŁUCZKOWSKI|MARCIN ŁUCZKOWSKI|KOŚCIELNA 5, 34-400 NOWY TARG|Kościelna 5, 34-400, Nowy Targ|Match||
357479|357479|Marvicon SRL|RO34957399|RO34957399|original|RO|valid|Valid|Pass|Yes|MARVICON SRL|MARVICON SRL|MUN. ORADEA 410554 STR. OGORULUI Nr. 258 Et. 2|Strada Ogorului 258, Et. 2, 410554, Oradea|Match||
365199|239770|Containerships - CMA CGM GmbH||DE174496721|discovered|DE|discovered|Valid|Pass||Containerships - CMA CGM GmbH|Containerships - CMA CGM GmbH|Kleiner Burstah 12, 20457 Hamburg|Chilehaus A, Fischertwiete 2, 20095, Hamburg|Partial||Web discovery: USt-IdNr DE174496721. HRB 59289 Hamburg. CMA CGM acquired Containerships June 2018, MacAndrews merged in April 2019. ApiName/ApiAddress from web discovery
365019|365019|RANGE-TRANS SPOLKA Z OGRANICZANA ODPOWIEDZIALNOSCIA|||original|PL|missing|||||||Matki Teresy z Kalkuty 18, lok.8, 20-538, Lublin|N/A||Web: No company named RANGE-TRANS found in Lublin. Related Range-Trans OU exists in Estonia (298847). Polish entity not found in KRS/CEIDG
366132|366132|Uber Freight B.V.||NL859288961B01|discovered|NL|discovered|Valid|Fail|See suggestions|Sennder Benelux B.V.|Sennder Benelux B.V.|Trompenburgstraat 2-C, 1079 TX Amsterdam|Mr.Treublaan 7, 1097 DP, Amsterdam|Mismatch||Web: BTW NL859288961B01 belongs to sennder Benelux B.V. (KvK 72928069), NOT Uber Freight. Uber Freight Holding B.V. is separate (KvK 75087189). ApiName/ApiAddress from web discovery
366806|366806|TRANSPIL-SPEDITION LOGISTICS GROUP SP. Z O.O. SP. KOMANDYTOWA||PL7671705599|discovered|PL|discovered|Valid|Pass|Yes|TRANSPIL-SPEDITION LOGISTICS GROUP SPÓŁKA Z OGRANICZONĄ ODPOWIEDZIALNOŚCIĄ SPÓŁKA KOMANDYTOWA|TRANSPIL-SPEDITION LOGISTICS GROUP SPÓŁKA Z OGRANICZONĄ ODPOWIEDZIALNOŚCIĄ SPÓŁKA KOMANDYTOWA|BRZOZOWA 2, 64-917 SKÓRKA|Brzozowa 2, 64-917, Skorka|Match||
374048|374048|GT-Trans Faktoring Sp. z o.o.|PL5223051994|PL5223051994|original|PL|valid|Valid|Pass|No||||85 Al. Jerozolimskie, Unit 21, 02-001, Warsaw|N/A||Web: Company SUSPENDED (zawieszona). Website points to arsenal-logistic.net. Same address as Arsenal Logistic (313765). Revenue dropped 96% (2023)
375326|375326|Blackbuck Poland Sp. Z o.o.|PL7010943304|PL7010943304|original|PL|valid|Valid|Pass|Yes|TRUKKER EUROPE SPÓŁKA Z OGRANICZONĄ ODPOWIEDZIALNOŚCIĄ W LIKWIDACJI|TRUKKER EUROPE SPÓŁKA Z OGRANICZONĄ ODPOWIEDZIALNOŚCIĄ W LIKWIDACJI|KALEŃSKA 5, 04-367 WARSZAWA|Mokotowska 49, 00-542, Warszawa|Partial||
377350|383302|Range Trans Group OÜ|EE 102138294|EE102138294|original|EE|valid|Valid|Pass|No||||Pärnu mnt 76-7,, Harju maakond,  Kesklinna linnaosa,, 10131, Tallinn|N/A||Web: Company confirmed in Tallinn, founded 2013. Logistics and freight forwarding. ELEA member. VIES 'No' needs investigation
379056|379056|Luk-Trans Łukasz Bloch||PL7621873194|discovered|PL|discovered|Valid|Pass|Yes|ŁUKASZ BLOCH|ŁUKASZ BLOCH|BLOCHY 26A, 07-210 DŁUGOSIODŁO|26A, BLOCHY, 07-210, Długosiodło|Match||
387692|387692|KRAFTTRANS Taurus Sp. z o.o.|5213880950|PL5213880950|original|PL|valid|Valid|Pass|Yes|KRAFTTRANS TAURUS SPÓŁKA Z OGRANICZONĄ ODPOWIEDZIALNOŚCIĄ|KRAFTTRANS TAURUS SPÓŁKA Z OGRANICZONĄ ODPOWIEDZIALNOŚCIĄ|RADZYMIŃSKA 326 M218, 05-091 ZĄBKI|ul. BARTYCKA, nr 22B, lok. 21A, 00-716, WARSZAWA|Mismatch||
391494|221832|DHL Parcel (Switzerland) AG||CHE109390707MWST|discovered|CH|discovered|Invalid||||||Güterstrasse 107, 4133, Pratteln|N/A||
302920|302920|F&O Agnieszka Osica-Foltyn||PL8221247476|discovered|PL|discovered|Valid|Pass|Yes|AGNIESZKA OSICA-FOLTYN|AGNIESZKA OSICA-FOLTYN|JANA HEWELIUSZA 15, 05-300 MIŃSK MAZOWIECKI|F&O Agnieszka Osica-Foltyn, 05-300, Mińsk Mazowiecki|Partial||
400030|400030|DBK LOGISTICS SP. Z O.O. SP.K.||PL5252827718|discovered|PL|discovered|Valid|Pass|Yes|DBK LOGISTICS CEE SPÓŁKA Z OGRANICZONĄ ODPOWIEDZIALNOŚCIĄ|DBK LOGISTICS CEE SPÓŁKA Z OGRANICZONĄ ODPOWIEDZIALNOŚCIĄ|ZAJĘCZA 15, 00-351 WARSZAWA|Zajęcza 15, 00-351, Warszawa|Match||
400421|268459|Broekman Logistics Sp. z o.o.||PL7811851793|discovered|PL|discovered|Valid|Pass|Yes|BROEKMAN LOGISTICS SPÓŁKA Z OGRANICZONĄ ODPOWIEDZIALNOŚCIĄ|BROEKMAN LOGISTICS SPÓŁKA Z OGRANICZONĄ ODPOWIEDZIALNOŚCIĄ|TOWAROWA 35 M5, 61-896 POZNAŃ|Piekary 6/8, 61-823, Poznań|Partial||
400691|366132|sennder Benelux B.V._TC||NL859288961B01|discovered|NL|discovered|Valid|Fail|See suggestions|Sennder Benelux B.V.|Sennder Benelux B.V.|Trompenburgstraat 2-C, 1079 TX Amsterdam|Keizersgracht 62-64, 1015 CS, Amsterdam|Mismatch||Web: BTW NL859288961B01 confirmed for sennder Benelux B.V. (KvK 72928069). Parent: sennder Technologies GmbH. Address changed. ApiName/ApiAddress from web discovery
399723|399723|LOPEZ & RYDER LOGISTIC S.L.U.|ESB01729920|ESB01729920|original|ES|valid|Valid|Pass|Yes|N/A|N/A|N/A|Miquel Roca i Junyent nº7, local 212, 50011, Zaragoza|N/A||
313610|313610|SA TORELLO TRASPORTI SRL||FR77822218129|discovered|FR|discovered|Valid|Pass|Yes|SA TORELLO TRASPORTI SRL|SA TORELLO TRASPORTI SRL|5 RUE DE MALACOMBE, 38070 ST QUENTIN FALLAVIER|5 RUE DE MALACOMBE, BP 54, 38070, LYON|Mismatch||
412708|412708|FM Logistic - Crépy-en-Valois (FR60)||FR27367801404|discovered|FR|discovered|Valid|Pass|Yes|SAS FM FRANCE|SAS FM FRANCE|ZONE INDUSTRIELLE, RUE DE L EUROPE, 57370 PHALSBOURG|rue du Bois de Tillet, BP60224, 60802, Crépy-en-Valois|Mismatch||
413540|413540|Quality Trans Sp.z o.o.|||original|PL|missing|||||||Tadeusza Kościuszki 38/24, 40-048, Katowice|N/A||Web: Quality Trans Sp. z o.o. found at Nowowiejska 52A, 28-400 Pińczów (NIP 6621821630), NOT Katowice. Company deleted from KRS Nov 2023. Address mismatch — possibly different entity or branch
423233|423233|GRAMIX Sp. z .o.o.|PL1182153482|PL1182153482|original|PL|valid|Valid|Pass|Yes|GRAMIX SPÓŁKA Z OGRANICZONĄ ODPOWIEDZIALNOŚCIĄ|GRAMIX SPÓŁKA Z OGRANICZONĄ ODPOWIEDZIALNOŚCIĄ|KOMORÓW 20, 05-085 KOMORÓW|Komorów, 05-085, Kampinos|Partial||
434944|434944|TSL Wiolmar Marcin Osiński|PL5311529716|PL5311529716|original|PL|valid|Valid|Pass|Yes|MARCIN OSIŃSKI|MARCIN OSIŃSKI|BRONINEK 4, 05-190 NASIELSK|Broninek 4, 05-190, Nasielsk|Match||
441173|441173|UAB Girteka Europe West||LT100015399114|discovered|LT|discovered|Valid|Pass|Yes|Girteka Logistics UAB|Girteka Logistics UAB|Laisvės pr. 36, Vilniaus m., Vilniaus m. sav.|Laisvės pr. 36, 4340, Vilnius|Match||
442297|442297|Ellerman City Liners|GB398523059|GB398523059|original|GB|valid|Valid|Pass|Yes|ELLERMAN CITY LINERS LIMITED|ELLERMAN CITY LINERS LIMITED|8 LLOYD&#x27;S AVENUE, LONDON, EC3N 3EL, GB|133 Hall Lane, RM141AL, Upminster|Mismatch||
460334|460334|SAFE SHIPPING SP. Z O.O.||PL5862072135|discovered|PL|discovered|Valid|Pass|Yes|'SAFE SHIPPING' SPÓŁKA Z OGRANICZONĄ ODPOWIEDZIALNOŚCIĄ|'SAFE SHIPPING' SPÓŁKA Z OGRANICZONĄ ODPOWIEDZIALNOŚCIĄ|JANUSZA KORCZAKA 13, 81-473 GDYNIA|JANUSZA KORCZAKA 13, 81-473, GDYNIA|Match||
601754|428936|AKBULUT NAK TUR LTD ŞTİ|||original|TR|missing|||||||içerenköy mah prof dr necmettin erbakan cad no 83 K:2 D:7, 34752, İSTANBUL|N/A||Web: Company confirmed as Akbulut Nakliyat Turizm Ltd.Şti. at İçerenköy Mah., Ataşehir. Road/air/sea/rail transport. Vergi numarası not found publicly
459342|459342|Damco Germany GmbH||DE811151940|discovered|DE|discovered|Valid|Pass|Yes|N/A|N/A|N/A|Katharinenstraße 5, 20457, Hamburg|N/A||
226386|226386|Unifeeder Germany|||original|DE|missing|||||||Neuer Dovenhof, Brandstwiete 1, 20457, Hamburg|N/A||Web: Branch of Unifeeder A/S (Danish). HRB 110177. Address confirmed at Brandstwiete 1, Hamburg. Now part of DP World. USt-IdNr not found in public sources — branch may use parent Danish entity VAT
